timestamp,data
2026-05-18 13:28:47,11401064,291,0,0.0,3,-1,-1.0,-1.0,810,35802,128833.2,613,79445,14.1,814,7730,1.62
2026-05-18 13:28:48,11402064,290,0,0.0,3,-1,-1.0,-1.0,810,35802,128833.2,612,79739,14.0,813,7766,1.63
2026-05-18 13:28:49,11403064,290,0,0.0,3,-1,-1.0,-1.0,810,35802,128833.2,612,79739,14.0,813,7766,1.63
2026-05-18 13:28:50,11404064,290,0,0.0,3,-1,-1.0,-1.0,810,35802,128833.2,612,79739,14.0,813,7766,1.63
2026-05-18 13:28:51,11405064,290,0,0.0,3,-1,-1.0,-1.0,810,35802,128833.2,612,79739,14.0,813,7766,1.63
2026-05-18 13:28:52,11406064,290,0,0.0,3,-1,-1.0,-1.0,810,35802,128833.2,612,79739,14.0,813,7766,1.63
2026-05-18 13:28:53,11407064,290,0,0.0,3,-1,-1.0,-1.0,809,35970,127122.9,612,79739,14.0,801,8212,1.74
2026-05-18 13:28:54,11408064,290,0,0.0,3,-1,-1.0,-1.0,810,35802,128833.2,612,79739,14.0,799,8288,1.75
2026-05-18 13:28:55,11409064,290,0,0.0,3,-1,-1.0,-1.0,810,35802,128833.2,613,79445,14.1,812,7803,1.64
2026-05-18 13:28:56,11410064,290,0,0.0,3,-1,-1.0,-1.0,810,35802,128833.2,613,79445,14.1,813,7766,1.63
2026-05-18 13:28:57,11411064,290,0,0.0,3,-1,-1.0,-1.0,809,35970,127122.9,611,80033,13.9,803,8137,1.72
2026-05-18 13:28:58,11412064,291,0,0.0,3,-1,-1.0,-1.0,809,35970,127122.9,611,80033,13.9,804,8100,1.71
2026-05-18 13:28:59,11413064,290,1,0.0,3,-1,-1.0,-1.0,810,35802,128833.2,613,79445,14.1,812,7803,1.64
2026-05-18 13:29:00,11414064,290,1,0.0,3,-1,-1.0,-1.0,810,35802,128833.2,614,79153,14.3,814,7730,1.62
2026-05-18 13:29:01,11415064,290,0,0.0,3,-1,-1.0,-1.0,809,35970,127122.9,611,80033,13.9,813,7766,1.63
2026-05-18 13:29:02,11416064,290,0,0.0,3,-1,-1.0,-1.0,809,35970,127122.9,612,79739,14.0,807,7988,1.68
2026-05-18 13:29:03,11417064,290,0,0.0,3,-1,-1.0,-1.0,810,35802,128833.2,612,79739,14.0,811,7840,1.65
2026-05-18 13:29:04,11418064,290,0,0.0,3,-1,-1.0,-1.0,810,35802,128833.2,612,79739,14.0,813,7766,1.63
2026-05-18 13:29:05,11419064,290,0,0.0,3,-1,-1.0,-1.0,810,35802,128833.2,612,79739,14.0,813,7766,1.63
2026-05-18 13:29:06,11420064,290,0,0.0,3,-1,-1.0,-1.0,810,35802,128833.2,612,79739,14.0,812,7803,1.64
2026-05-18 13:29:07,11421064,290,0,0.0,3,-1,-1.0,-1.0,810,35802,128833.2,613,79445,14.1,812,7803,1.64
2026-05-18 13:29:08,11422064,290,0,0.0,3,-1,-1.0,-1.0,810,35802,128833.2,612,79739,14.0,813,7766,1.63
2026-05-18 13:29:09,11423064,290,0,0.0,3,-1,-1.0,-1.0,810,35802,128833.2,612,79739,14.0,813,7766,1.63
2026-05-18 13:29:10,11424064,290,0,0.0,3,-1,-1.0,-1.0,810,35802,128833.2,613,79445,14.1,811,7840,1.65
2026-05-18 13:29:11,11425064,290,0,0.0,3,-1,-1.0,-1.0,810,35802,128833.2,612,79739,14.0,812,7803,1.64
2026-05-18 13:29:12,11426064,290,0,0.0,3,-1,-1.0,-1.0,810,35802,128833.2,612,79739,14.0,812,7803,1.64
2026-05-18 13:29:13,11427064,290,0,0.0,3,-1,-1.0,-1.0,810,35802,128833.2,612,79739,14.0,811,7840,1.65
2026-05-18 13:29:14,11428064,290,0,0.0,3,-1,-1.0,-1.0,810,35802,128833.2,612,79739,14.0,811,7840,1.65
2026-05-18 13:29:15,11429064,290,0,0.0,3,-1,-1.0,-1.0,810,35802,128833.2,612,79739,14.0,812,7803,1.64
2026-05-18 13:29:16,11430064,290,0,0.0,3,-1,-1.0,-1.0,810,35802,128833.2,612,79739,14.0,813,7766,1.63
2026-05-18 13:29:17,11431064,290,0,0.0,3,-1,-1.0,-1.0,810,35802,128833.2,612,79739,14.0,814,7730,1.62
2026-05-18 13:29:18,11432064,289,0,0.0,3,-1,-1.0,-1.0,810,35802,128833.2,612,79739,14.0,814,7730,1.62
2026-05-18 13:29:19,11433064,290,0,0.0,3,-1,-1.0,-1.0,810,35802,128833.2,612,79739,14.0,813,7766,1.63
2026-05-18 13:29:20,11434064,289,0,0.0,3,-1,-1.0,-1.0,810,35802,128833.2,612,79739,14.0,812,7803,1.64
2026-05-18 13:29:21,11435064,290,0,0.0,3,-1,-1.0,-1.0,810,35802,128833.2,612,79739,14.0,812,7803,1.64
2026-05-18 13:29:22,11436064,290,0,0.0,3,-1,-1.0,-1.0,810,35802,128833.2,612,79739,14.0,811,7840,1.65
2026-05-18 13:29:23,11437064,289,0,0.0,3,-1,-1.0,-1.0,810,35802,128833.2,612,79739,14.0,810,7877,1.66
2026-05-18 13:29:24,11438064,290,0,0.0,3,-1,-1.0,-1.0,810,35802,128833.2,612,79739,14.0,812,7803,1.64
2026-05-18 13:29:25,11439064,290,0,0.0,3,-1,-1.0,-1.0,810,35802,128833.2,612,79739,14.0,813,7766,1.63
2026-05-18 13:29:26,11440064,290,0,0.0,3,-1,-1.0,-1.0,810,35802,128833.2,613,79445,14.1,814,7730,1.62
2026-05-18 13:29:27,11441064,290,0,0.0,3,-1,-1.0,-1.0,810,35802,128833.2,612,79739,14.0,813,7766,1.63
2026-05-18 13:29:28,11442064,290,0,0.0,3,-1,-1.0,-1.0,810,35802,128833.2,612,79739,14.0,812,7803,1.64
2026-05-18 13:29:29,11443064,290,0,0.0,3,-1,-1.0,-1.0,810,35802,128833.2,612,79739,14.0,812,7803,1.64
2026-05-18 13:29:30,11444064,289,0,0.0,3,-1,-1.0,-1.0,810,35802,128833.2,612,79739,14.0,811,7840,1.65
2026-05-18 13:29:31,11445064,289,0,0.0,3,-1,-1.0,-1.0,810,35802,128833.2,612,79739,14.0,812,7803,1.64
2026-05-18 13:29:32,11446064,289,0,0.0,3,-1,-1.0,-1.0,810,35802,128833.2,612,79739,14.0,813,7766,1.63
2026-05-18 13:29:33,11447064,289,0,0.0,3,-1,-1.0,-1.0,810,35802,128833.2,612,79739,14.0,814,7730,1.62
2026-05-18 13:29:34,11448064,290,0,0.0,3,-1,-1.0,-1.0,810,35802,128833.2,612,79739,14.0,815,7693,1.61
2026-05-18 13:29:35,11449064,289,0,0.0,3,-1,-1.0,-1.0,810,35802,128833.2,612,79739,14.0,815,7693,1.61
2026-05-18 13:29:36,11450064,289,0,0.0,3,-1,-1.0,-1.0,810,35802,128833.2,613,79445,14.1,816,7657,1.61
2026-05-18 13:29:37,11451064,289,0,0.0,3,-1,-1.0,-1.0,810,35802,128833.2,613,79445,14.1,816,7657,1.61
2026-05-18 13:29:38,11452064,289,0,0.0,3,-1,-1.0,-1.0,810,35802,128833.2,613,79445,14.1,815,7693,1.61
2026-05-18 13:29:39,11453064,289,0,0.0,3,-1,-1.0,-1.0,810,35802,128833.2,613,79445,14.1,815,7693,1.61
2026-05-18 13:29:40,11454064,289,0,0.0,3,-1,-1.0,-1.0,810,35802,128833.2,613,79445,14.1,815,7693,1.61
2026-05-18 13:29:42,11455064,289,0,0.0,3,-1,-1.0,-1.0,810,35802,128833.2,613,79445,14.1,816,7657,1.61
2026-05-18 13:29:42,11456064,289,0,0.0,3,-1,-1.0,-1.0,810,35802,128833.2,613,79445,14.1,816,7657,1.61
2026-05-18 13:29:43,11457064,289,0,0.0,3,-1,-1.0,-1.0,810,35802,128833.2,613,79445,14.1,816,7657,1.61
2026-05-18 13:29:44,11458064,289,0,0.0,3,-1,-1.0,-1.0,810,35802,128833.2,613,79445,14.1,815,7693,1.61
2026-05-18 13:29:45,11459064,289,0,0.0,3,-1,-1.0,-1.0,810,35802,128833.2,613,79445,14.1,815,7693,1.61
2026-05-18 13:29:46,11460064,290,0,0.0,3,-1,-1.0,-1.0,810,35802,128833.2,613,79445,14.1,813,7766,1.63
2026-05-18 13:29:47,11461064,289,0,0.0,3,-1,-1.0,-1.0,810,35802,128833.2,613,79445,14.1,812,7803,1.64
2026-05-18 13:29:48,11462064,289,0,0.0,3,-1,-1.0,-1.0,810,35802,128833.2,613,79445,14.1,812,7803,1.64
2026-05-18 13:29:49,11463064,289,0,0.0,3,-1,-1.0,-1.0,810,35802,128833.2,613,79445,14.1,811,7840,1.65
2026-05-18 13:29:50,11464064,289,0,0.0,3,-1,-1.0,-1.0,810,35802,128833.2,613,79445,14.1,811,7840,1.65
2026-05-18 13:29:51,11465064,289,0,0.0,3,-1,-1.0,-1.0,810,35802,128833.2,613,79445,14.1,810,7877,1.66
2026-05-18 13:29:52,11466064,289,0,0.0,3,-1,-1.0,-1.0,810,35802,128833.2,613,79445,14.1,810,7877,1.66
2026-05-18 13:29:53,11467064,289,0,0.0,3,-1,-1.0,-1.0,810,35802,128833.2,613,79445,14.1,810,7877,1.66
2026-05-18 13:29:54,11468064,289,0,0.0,3,-1,-1.0,-1.0,810,35802,128833.2,613,79445,14.1,809,7913,1.67
2026-05-18 13:29:55,11469064,289,0,0.0,3,-1,-1.0,-1.0,811,35635,130570.6,613,79445,14.1,809,7913,1.67
2026-05-18 13:29:56,11470064,289,0,0.0,3,-1,-1.0,-1.0,810,35802,128833.2,612,79739,14.0,808,7950,1.67
2026-05-18 13:29:57,11471064,289,0,0.0,3,-1,-1.0,-1.0,810,35802,128833.2,612,79739,14.0,810,7877,1.66
2026-05-18 13:29:58,11472064,289,0,0.0,3,-1,-1.0,-1.0,810,35802,128833.2,612,79739,14.0,812,7803,1.64
2026-05-18 13:29:59,11473064,289,0,0.0,3,-1,-1.0,-1.0,810,35802,128833.2,612,79739,14.0,810,7877,1.66
2026-05-18 13:30:00,11474064,289,0,0.0,3,-1,-1.0,-1.0,810,35802,128833.2,612,79739,14.0,805,8062,1.70
2026-05-18 13:30:01,11475064,289,0,0.0,3,-1,-1.0,-1.0,810,35802,128833.2,612,79739,14.0,809,7913,1.67
2026-05-18 13:30:02,11476064,289,0,0.0,3,-1,-1.0,-1.0,810,35802,128833.2,612,79739,14.0,813,7766,1.63
2026-05-18 13:30:04,11477064,289,0,0.0,3,-1,-1.0,-1.0,810,35802,128833.2,612,79739,14.0,814,7730,1.62
2026-05-18 13:30:04,11478064,289,0,0.0,3,-1,-1.0,-1.0,810,35802,128833.2,612,79739,14.0,813,7766,1.63
2026-05-18 13:30:05,11479064,289,0,0.0,3,-1,-1.0,-1.0,810,35802,128833.2,612,79739,14.0,814,7730,1.62
2026-05-18 13:30:06,11480064,289,0,0.0,3,-1,-1.0,-1.0,810,35802,128833.2,612,79739,14.0,813,7766,1.63
2026-05-18 13:30:07,11481064,289,0,0.0,3,-1,-1.0,-1.0,810,35802,128833.2,612,79739,14.0,813,7766,1.63
2026-05-18 13:30:08,11482064,289,0,0.0,3,-1,-1.0,-1.0,810,35802,128833.2,612,79739,14.0,814,7730,1.62
2026-05-18 13:30:09,11483064,289,0,0.0,3,-1,-1.0,-1.0,810,35802,128833.2,612,79739,14.0,814,7730,1.62
2026-05-18 13:30:10,11484064,289,0,0.0,3,-1,-1.0,-1.0,810,35802,128833.2,612,79739,14.0,815,7693,1.61
2026-05-18 13:30:11,11485064,289,0,0.0,3,-1,-1.0,-1.0,810,35802,128833.2,612,79739,14.0,814,7730,1.62
2026-05-18 13:30:12,11486064,289,0,0.0,3,-1,-1.0,-1.0,810,35802,128833.2,612,79739,14.0,814,7730,1.62
2026-05-18 13:30:13,11487064,289,0,0.0,3,-1,-1.0,-1.0,810,35802,128833.2,612,79739,14.0,814,7730,1.62
2026-05-18 13:30:14,11488064,289,0,0.0,3,-1,-1.0,-1.0,811,35635,130570.6,612,79739,14.0,813,7766,1.63
2026-05-18 13:30:15,11489064,288,0,0.0,3,-1,-1.0,-1.0,810,35802,128833.2,612,79739,14.0,811,7840,1.65
2026-05-18 13:30:16,11490064,289,0,0.0,3,-1,-1.0,-1.0,810,35802,128833.2,612,79739,14.0,809,7913,1.67
2026-05-18 13:30:17,11491064,289,0,0.0,3,-1,-1.0,-1.0,810,35802,128833.2,612,79739,14.0,811,7840,1.65
2026-05-18 13:30:18,11492064,289,0,0.0,3,-1,-1.0,-1.0,810,35802,128833.2,612,79739,14.0,811,7840,1.65
2026-05-18 13:30:19,11493064,289,0,0.0,3,-1,-1.0,-1.0,810,35802,128833.2,612,79739,14.0,810,7877,1.66
2026-05-18 13:30:20,11494064,289,0,0.0,3,-1,-1.0,-1.0,810,35802,128833.2,612,79739,14.0,807,7988,1.68
2026-05-18 13:30:21,11495064,289,0,0.0,3,-1,-1.0,-1.0,810,35802,128833.2,612,79739,14.0,804,8100,1.71
2026-05-18 13:30:22,11496064,289,0,0.0,3,-1,-1.0,-1.0,810,35802,128833.2,611,80033,13.9,805,8062,1.70
2026-05-18 13:30:23,11497064,289,0,0.0,3,-1,-1.0,-1.0,810,35802,128833.2,611,80033,13.9,807,7988,1.68
2026-05-18 13:30:24,11498064,289,0,0.0,3,-1,-1.0,-1.0,810,35802,128833.2,612,79739,14.0,811,7840,1.65
2026-05-18 13:30:25,11499064,289,0,0.0,3,-1,-1.0,-1.0,810,35802,128833.2,611,80033,13.9,812,7803,1.64
2026-05-18 13:30:27,11500064,289,0,0.0,3,-1,-1.0,-1.0,810,35802,128833.2,611,80033,13.9,812,7803,1.64
2026-05-18 13:30:27,11501064,289,0,0.0,3,-1,-1.0,-1.0,810,35802,128833.2,612,79739,14.0,813,7766,1.63
2026-05-18 13:30:28,11502064,289,0,0.0,3,-1,-1.0,-1.0,810,35802,128833.2,611,80033,13.9,814,7730,1.62
2026-05-18 13:30:29,11503064,290,0,0.0,3,-1,-1.0,-1.0,811,35635,130570.6,612,79739,14.0,816,7657,1.61
2026-05-18 13:30:30,11504064,289,0,0.0,3,-1,-1.0,-1.0,810,35802,128833.2,612,79739,14.0,816,7657,1.61
2026-05-18 13:30:31,11505064,289,0,0.0,3,-1,-1.0,-1.0,810,35802,128833.2,611,80033,13.9,815,7693,1.61
2026-05-18 13:30:32,11506064,289,0,0.0,3,-1,-1.0,-1.0,810,35802,128833.2,611,80033,13.9,815,7693,1.61
2026-05-18 13:30:33,11507064,289,0,0.0,3,-1,-1.0,-1.0,810,35802,128833.2,612,79739,14.0,815,7693,1.61
2026-05-18 13:30:34,11508064,289,0,0.0,3,-1,-1.0,-1.0,810,35802,128833.2,612,79739,14.0,815,7693,1.61
2026-05-18 13:30:35,11509064,289,0,0.0,3,-1,-1.0,-1.0,811,35635,130570.6,612,79739,14.0,815,7693,1.61
2026-05-18 13:30:36,11510064,289,0,0.0,3,-1,-1.0,-1.0,810,35802,128833.2,612,79739,14.0,814,7730,1.62
2026-05-18 13:30:37,11511064,288,0,0.0,3,-1,-1.0,-1.0,810,35802,128833.2,612,79739,14.0,814,7730,1.62
2026-05-18 13:30:39,11512064,288,0,0.0,3,-1,-1.0,-1.0,811,35635,130570.6,612,79739,14.0,813,7766,1.63
2026-05-18 13:30:39,11513064,288,0,0.0,3,-1,-1.0,-1.0,811,35635,130570.6,612,79739,14.0,813,7766,1.63
2026-05-18 13:30:40,11514064,289,0,0.0,3,-1,-1.0,-1.0,811,35635,130570.6,612,79739,14.0,813,7766,1.63
2026-05-18 13:30:41,11515064,288,0,0.0,3,-1,-1.0,-1.0,811,35635,130570.6,612,79739,14.0,814,7730,1.62
2026-05-18 13:30:42,11516064,289,0,0.0,3,-1,-1.0,-1.0,811,35635,130570.6,612,79739,14.0,815,7693,1.61
2026-05-18 13:30:43,11517064,288,0,0.0,3,-1,-1.0,-1.0,811,35635,130570.6,612,79739,14.0,816,7657,1.61
2026-05-18 13:30:44,11518064,288,0,0.0,3,-1,-1.0,-1.0,811,35635,130570.6,612,79739,14.0,816,7657,1.61
2026-05-18 13:30:45,11519064,289,0,0.0,3,-1,-1.0,-1.0,811,35635,130570.6,612,79739,14.0,816,7657,1.61
2026-05-18 13:30:46,11520064,289,0,0.0,3,-1,-1.0,-1.0,811,35635,130570.6,612,79739,14.0,816,7657,1.61
2026-05-18 13:30:47,11521064,288,0,0.0,3,-1,-1.0,-1.0,810,35802,128833.2,612,79739,14.0,815,7693,1.61
2026-05-18 13:30:48,11522064,289,0,0.0,3,-1,-1.0,-1.0,811,35635,130570.6,612,79739,14.0,815,7693,1.61
2026-05-18 13:30:49,11523064,289,0,0.0,3,-1,-1.0,-1.0,811,35635,130570.6,612,79739,14.0,815,7693,1.61
2026-05-18 13:30:50,11524064,289,0,0.0,3,-1,-1.0,-1.0,811,35635,130570.6,612,79739,14.0,814,7730,1.62
2026-05-18 13:30:51,11525064,289,0,0.0,3,-1,-1.0,-1.0,810,35802,128833.2,612,79739,14.0,814,7730,1.62
2026-05-18 13:30:52,11526064,289,0,0.0,3,-1,-1.0,-1.0,811,35635,130570.6,612,79739,14.0,813,7766,1.63
2026-05-18 13:30:53,11527064,289,0,0.0,3,-1,-1.0,-1.0,811,35635,130570.6,612,79739,14.0,813,7766,1.63
2026-05-18 13:30:54,11528064,289,0,0.0,3,-1,-1.0,-1.0,810,35802,128833.2,612,79739,14.0,813,7766,1.63
2026-05-18 13:30:55,11529064,289,0,0.0,3,-1,-1.0,-1.0,811,35635,130570.6,612,79739,14.0,813,7766,1.63
2026-05-18 13:30:56,11530064,289,0,0.0,3,-1,-1.0,-1.0,811,35635,130570.6,612,79739,14.0,813,7766,1.63
2026-05-18 13:30:57,11531064,289,0,0.0,3,-1,-1.0,-1.0,810,35802,128833.2,612,79739,14.0,813,7766,1.63
2026-05-18 13:30:58,11532064,289,0,0.0,3,-1,-1.0,-1.0,810,35802,128833.2,612,79739,14.0,814,7730,1.62
2026-05-18 13:30:59,11533064,289,0,0.0,3,-1,-1.0,-1.0,811,35635,130570.6,612,79739,14.0,814,7730,1.62
2026-05-18 13:31:00,11534064,289,0,0.0,3,-1,-1.0,-1.0,811,35635,130570.6,612,79739,14.0,814,7730,1.62
2026-05-18 13:31:01,11535064,288,0,0.0,3,-1,-1.0,-1.0,810,35802,128833.2,612,79739,14.0,813,7766,1.63
2026-05-18 13:31:02,11536064,289,0,0.0,3,-1,-1.0,-1.0,810,35802,128833.2,611,80033,13.9,813,7766,1.63
2026-05-18 13:31:03,11537064,289,0,0.0,3,-1,-1.0,-1.0,810,35802,128833.2,611,80033,13.9,812,7803,1.64
2026-05-18 13:31:04,11538064,288,0,0.0,3,-1,-1.0,-1.0,810,35802,128833.2,611,80033,13.9,810,7877,1.66
2026-05-18 13:31:05,11539064,289,0,0.0,3,-1,-1.0,-1.0,810,35802,128833.2,611,80033,13.9,809,7913,1.67
2026-05-18 13:31:06,11540064,288,0,0.0,3,-1,-1.0,-1.0,810,35802,128833.2,611,80033,13.9,809,7913,1.67
2026-05-18 13:31:07,11541064,288,0,0.0,3,-1,-1.0,-1.0,810,35802,128833.2,611,80033,13.9,809,7913,1.67
2026-05-18 13:31:08,11542064,289,0,0.0,3,-1,-1.0,-1.0,810,35802,128833.2,611,80033,13.9,809,7913,1.67
2026-05-18 13:31:09,11543064,289,0,0.0,3,-1,-1.0,-1.0,810,35802,128833.2,611,80033,13.9,810,7877,1.66
2026-05-18 13:31:10,11544064,289,0,0.0,3,-1,-1.0,-1.0,810,35802,128833.2,611,80033,13.9,810,7877,1.66
2026-05-18 13:31:11,11545064,289,0,0.0,3,-1,-1.0,-1.0,810,35802,128833.2,611,80033,13.9,809,7913,1.67
2026-05-18 13:31:12,11546064,289,0,0.0,3,-1,-1.0,-1.0,810,35802,128833.2,611,80033,13.9,807,7988,1.68
2026-05-18 13:31:13,11547064,288,0,0.0,3,-1,-1.0,-1.0,810,35802,128833.2,611,80033,13.9,806,8025,1.69
2026-05-18 13:31:14,11548064,289,0,0.0,3,-1,-1.0,-1.0,810,35802,128833.2,611,80033,13.9,804,8100,1.71
2026-05-18 13:31:15,11549064,288,0,0.0,3,-1,-1.0,-1.0,810,35802,128833.2,611,80033,13.9,804,8100,1.71
2026-05-18 13:31:16,11550064,289,0,0.0,3,-1,-1.0,-1.0,810,35802,128833.2,611,80033,13.9,803,8137,1.72
2026-05-18 13:31:17,11551064,289,0,0.0,3,-1,-1.0,-1.0,810,35802,128833.2,611,80033,13.9,803,8137,1.72
2026-05-18 13:31:18,11552064,288,0,0.0,3,-1,-1.0,-1.0,810,35802,128833.2,611,80033,13.9,804,8100,1.71
2026-05-18 13:31:19,11553064,289,0,0.0,3,-1,-1.0,-1.0,810,35802,128833.2,611,80033,13.9,804,8100,1.71
2026-05-18 13:31:20,11554064,288,0,0.0,3,-1,-1.0,-1.0,811,35635,130570.6,611,80033,13.9,804,8100,1.71
2026-05-18 13:31:21,11555064,288,0,0.0,3,-1,-1.0,-1.0,810,35802,128833.2,611,80033,13.9,805,8062,1.70
2026-05-18 13:31:22,11556064,289,0,0.0,3,-1,-1.0,-1.0,810,35802,128833.2,611,80033,13.9,806,8025,1.69
2026-05-18 13:31:23,11557064,288,0,0.0,3,-1,-1.0,-1.0,810,35802,128833.2,611,80033,13.9,807,7988,1.68
2026-05-18 13:31:24,11558064,288,0,0.0,3,-1,-1.0,-1.0,810,35802,128833.2,611,80033,13.9,809,7913,1.67
2026-05-18 13:31:25,11559064,288,0,0.0,3,-1,-1.0,-1.0,810,35802,128833.2,611,80033,13.9,809,7913,1.67
2026-05-18 13:31:26,11560064,289,0,0.0,3,-1,-1.0,-1.0,810,35802,128833.2,611,80033,13.9,809,7913,1.67
2026-05-18 13:31:27,11561064,289,0,0.0,3,-1,-1.0,-1.0,811,35635,130570.6,611,80033,13.9,809,7913,1.67
2026-05-18 13:31:28,11562064,288,0,0.0,3,-1,-1.0,-1.0,810,35802,128833.2,611,80033,13.9,807,7988,1.68
2026-05-18 13:31:29,11563064,289,0,0.0,3,-1,-1.0,-1.0,810,35802,128833.2,611,80033,13.9,806,8025,1.69
2026-05-18 13:31:30,11564064,288,0,0.0,3,-1,-1.0,-1.0,810,35802,128833.2,611,80033,13.9,805,8062,1.70
2026-05-18 13:31:31,11565064,289,0,0.0,3,-1,-1.0,-1.0,811,35635,130570.6,611,80033,13.9,804,8100,1.71
2026-05-18 13:31:32,11566064,289,0,0.0,3,-1,-1.0,-1.0,810,35802,128833.2,611,80033,13.9,805,8062,1.70
2026-05-18 13:31:33,11567064,289,0,0.0,3,-1,-1.0,-1.0,810,35802,128833.2,611,80033,13.9,806,8025,1.69
2026-05-18 13:31:34,11568064,289,0,0.0,3,-1,-1.0,-1.0,810,35802,128833.2,611,80033,13.9,807,7988,1.68
2026-05-18 13:31:35,11569064,288,0,0.0,3,-1,-1.0,-1.0,811,35635,130570.6,611,80033,13.9,808,7950,1.67
2026-05-18 13:31:36,11570064,289,0,0.0,3,-1,-1.0,-1.0,810,35802,128833.2,611,80033,13.9,808,7950,1.67
2026-05-18 13:31:37,11571064,288,0,0.0,3,-1,-1.0,-1.0,811,35635,130570.6,611,80033,13.9,808,7950,1.67
2026-05-18 13:31:38,11572064,288,0,0.0,3,-1,-1.0,-1.0,811,35635,130570.6,611,80033,13.9,808,7950,1.67
2026-05-18 13:31:39,11573064,288,0,0.0,3,-1,-1.0,-1.0,811,35635,130570.6,611,80033,13.9,808,7950,1.67
2026-05-18 13:31:40,11574064,288,0,0.0,3,-1,-1.0,-1.0,811,35635,130570.6,611,80033,13.9,808,7950,1.67
2026-05-18 13:31:41,11575064,288,0,0.0,3,-1,-1.0,-1.0,811,35635,130570.6,611,80033,13.9,809,7913,1.67
2026-05-18 13:31:42,11576064,288,0,0.0,3,-1,-1.0,-1.0,811,35635,130570.6,611,80033,13.9,809,7913,1.67
2026-05-18 13:31:43,11577064,288,0,0.0,3,-1,-1.0,-1.0,811,35635,130570.6,611,80033,13.9,809,7913,1.67
2026-05-18 13:31:44,11578064,288,0,0.0,3,-1,-1.0,-1.0,811,35635,130570.6,611,80033,13.9,809,7913,1.67
2026-05-18 13:31:45,11579064,288,0,0.0,3,-1,-1.0,-1.0,811,35635,130570.6,611,80033,13.9,809,7913,1.67
2026-05-18 13:31:46,11580064,289,0,0.0,3,-1,-1.0,-1.0,811,35635,130570.6,611,80033,13.9,809,7913,1.67
2026-05-18 13:31:47,11581064,288,0,0.0,3,-1,-1.0,-1.0,811,35635,130570.6,611,80033,13.9,808,7950,1.67
2026-05-18 13:31:48,11582064,289,0,0.0,3,-1,-1.0,-1.0,811,35635,130570.6,611,80033,13.9,808,7950,1.67
2026-05-18 13:31:49,11583064,289,0,0.0,3,-1,-1.0,-1.0,811,35635,130570.6,611,80033,13.9,808,7950,1.67
2026-05-18 13:31:50,11584064,288,0,0.0,3,-1,-1.0,-1.0,811,35635,130570.6,611,80033,13.9,808,7950,1.67
2026-05-18 13:31:51,11585064,288,0,0.0,3,-1,-1.0,-1.0,811,35635,130570.6,611,80033,13.9,808,7950,1.67
2026-05-18 13:31:52,11586064,288,0,0.0,3,-1,-1.0,-1.0,811,35635,130570.6,611,80033,13.9,808,7950,1.67
2026-05-18 13:31:53,11587064,288,0,0.0,3,-1,-1.0,-1.0,811,35635,130570.6,611,80033,13.9,808,7950,1.67
2026-05-18 13:31:55,11588064,288,0,0.0,3,-1,-1.0,-1.0,811,35635,130570.6,611,80033,13.9,807,7988,1.68
2026-05-18 13:31:55,11589064,288,0,0.0,3,-1,-1.0,-1.0,811,35635,130570.6,611,80033,13.9,807,7988,1.68
2026-05-18 13:31:56,11590064,288,0,0.0,3,-1,-1.0,-1.0,811,35635,130570.6,611,80033,13.9,807,7988,1.68
2026-05-18 13:31:57,11591064,288,0,0.0,3,-1,-1.0,-1.0,811,35635,130570.6,611,80033,13.9,806,8025,1.69
2026-05-18 13:31:58,11592064,288,0,0.0,3,-1,-1.0,-1.0,811,35635,130570.6,611,80033,13.9,805,8062,1.70
2026-05-18 13:32:00,11593064,288,0,0.0,3,-1,-1.0,-1.0,811,35635,130570.6,611,80033,13.9,805,8062,1.70
2026-05-18 13:32:00,11594064,288,0,0.0,3,-1,-1.0,-1.0,811,35635,130570.6,611,80033,13.9,805,8062,1.70
2026-05-18 13:32:01,11595064,288,0,0.0,3,-1,-1.0,-1.0,811,35635,130570.6,610,80328,13.8,805,8062,1.70
2026-05-18 13:32:02,11596064,288,0,0.0,3,-1,-1.0,-1.0,811,35635,130570.6,610,80328,13.8,805,8062,1.70
2026-05-18 13:32:03,11597064,289,0,0.0,3,-1,-1.0,-1.0,811,35635,130570.6,610,80328,13.8,805,8062,1.70
2026-05-18 13:32:04,11598064,288,0,0.0,3,-1,-1.0,-1.0,811,35635,130570.6,610,80328,13.8,804,8100,1.71
2026-05-18 13:32:05,11599064,288,0,0.0,3,-1,-1.0,-1.0,811,35635,130570.6,610,80328,13.8,804,8100,1.71
2026-05-18 13:32:06,11600064,289,0,0.0,3,-1,-1.0,-1.0,811,35635,130570.6,610,80328,13.8,804,8100,1.71
2026-05-18 13:32:07,11601064,288,0,0.0,3,-1,-1.0,-1.0,811,35635,130570.6,610,80328,13.8,804,8100,1.71
2026-05-18 13:32:08,11602064,289,0,0.0,3,-1,-1.0,-1.0,811,35635,130570.6,610,80328,13.8,804,8100,1.71
2026-05-18 13:32:09,11603064,289,0,0.0,3,-1,-1.0,-1.0,811,35635,130570.6,610,80328,13.8,803,8137,1.72
2026-05-18 13:32:10,11604064,288,0,0.0,3,-1,-1.0,-1.0,811,35635,130570.6,610,80328,13.8,803,8137,1.72
2026-05-18 13:32:11,11605064,289,0,0.0,3,-1,-1.0,-1.0,811,35635,130570.6,610,80328,13.8,804,8100,1.71
2026-05-18 13:32:12,11606064,288,0,0.0,3,-1,-1.0,-1.0,811,35635,130570.6,610,80328,13.8,804,8100,1.71
2026-05-18 13:32:13,11607064,289,0,0.0,3,-1,-1.0,-1.0,811,35635,130570.6,610,80328,13.8,804,8100,1.71
2026-05-18 13:32:14,11608064,289,0,0.0,3,-1,-1.0,-1.0,811,35635,130570.6,610,80328,13.8,804,8100,1.71
2026-05-18 13:32:15,11609064,289,0,0.0,3,-1,-1.0,-1.0,811,35635,130570.6,610,80328,13.8,804,8100,1.71
2026-05-18 13:32:16,11610064,289,0,0.0,3,-1,-1.0,-1.0,811,35635,130570.6,610,80328,13.8,804,8100,1.71
2026-05-18 13:32:17,11611064,289,0,0.0,3,-1,-1.0,-1.0,811,35635,130570.6,610,80328,13.8,805,8062,1.70
2026-05-18 13:32:18,11612064,288,0,0.0,3,-1,-1.0,-1.0,811,35635,130570.6,610,80328,13.8,805,8062,1.70
2026-05-18 13:32:19,11613064,289,0,0.0,3,-1,-1.0,-1.0,811,35635,130570.6,610,80328,13.8,806,8025,1.69
2026-05-18 13:32:20,11614064,288,0,0.0,3,-1,-1.0,-1.0,811,35635,130570.6,611,80033,13.9,806,8025,1.69
2026-05-18 13:32:21,11615064,289,0,0.0,3,-1,-1.0,-1.0,811,35635,130570.6,610,80328,13.8,806,8025,1.69
2026-05-18 13:32:22,11616064,289,0,0.0,3,-1,-1.0,-1.0,811,35635,130570.6,610,80328,13.8,807,7988,1.68
2026-05-18 13:32:23,11617064,288,0,0.0,3,-1,-1.0,-1.0,811,35635,130570.6,610,80328,13.8,808,7950,1.67
2026-05-18 13:32:25,11618064,288,0,0.0,3,-1,-1.0,-1.0,811,35635,130570.6,610,80328,13.8,809,7913,1.67
2026-05-18 13:32:25,11619064,289,0,0.0,3,-1,-1.0,-1.0,811,35635,130570.6,611,80033,13.9,810,7877,1.66
2026-05-18 13:32:26,11620064,288,0,0.0,3,-1,-1.0,-1.0,811,35635,130570.6,610,80328,13.8,812,7803,1.64
2026-05-18 13:32:27,11621064,288,0,0.0,3,-1,-1.0,-1.0,811,35635,130570.6,610,80328,13.8,813,7766,1.63
2026-05-18 13:32:28,11622064,288,0,0.0,3,-1,-1.0,-1.0,811,35635,130570.6,610,80328,13.8,813,7766,1.63
2026-05-18 13:32:29,11623064,289,0,0.0,3,-1,-1.0,-1.0,811,35635,130570.6,610,80328,13.8,806,8025,1.69
2026-05-18 13:32:30,11624064,288,0,0.0,3,-1,-1.0,-1.0,811,35635,130570.6,610,80328,13.8,802,8175,1.73
2026-05-18 13:32:31,11625064,288,0,0.0,3,-1,-1.0,-1.0,811,35635,130570.6,610,80328,13.8,803,8137,1.72
2026-05-18 13:32:32,11626064,289,0,0.0,3,-1,-1.0,-1.0,811,35635,130570.6,610,80328,13.8,793,8517,1.81
2026-05-18 13:32:33,11627064,288,0,0.0,3,-1,-1.0,-1.0,811,35635,130570.6,609,80624,13.7,794,8479,1.80
2026-05-18 13:32:34,11628064,289,0,0.0,3,-1,-1.0,-1.0,811,35635,130570.6,609,80624,13.7,796,8402,1.78
2026-05-18 13:32:35,11629064,289,0,0.0,3,-1,-1.0,-1.0,811,35635,130570.6,609,80624,13.7,809,7913,1.67
2026-05-18 13:32:36,11630064,289,0,0.0,3,-1,-1.0,-1.0,811,35635,130570.6,609,80624,13.7,802,8175,1.73
2026-05-18 13:32:37,11631064,288,0,0.0,3,-1,-1.0,-1.0,811,35635,130570.6,609,80624,13.7,806,8025,1.69
2026-05-18 13:32:38,11632064,288,0,0.0,3,-1,-1.0,-1.0,811,35635,130570.6,609,80624,13.7,807,7988,1.68
2026-05-18 13:32:39,11633064,288,0,0.0,3,-1,-1.0,-1.0,811,35635,130570.6,609,80624,13.7,806,8025,1.69
2026-05-18 13:32:40,11634064,289,0,0.0,3,-1,-1.0,-1.0,811,35635,130570.6,609,80624,13.7,812,7803,1.64
2026-05-18 13:32:41,11635064,288,0,0.0,3,-1,-1.0,-1.0,811,35635,130570.6,609,80624,13.7,809,7913,1.67
2026-05-18 13:32:42,11636064,288,0,0.0,3,-1,-1.0,-1.0,811,35635,130570.6,609,80624,13.7,806,8025,1.69
2026-05-18 13:32:43,11637064,288,0,0.0,3,-1,-1.0,-1.0,811,35635,130570.6,609,80624,13.7,811,7840,1.65
2026-05-18 13:32:44,11638064,288,0,0.0,3,-1,-1.0,-1.0,811,35635,130570.6,610,80328,13.8,811,7840,1.65
2026-05-18 13:32:45,11639064,288,0,0.0,3,-1,-1.0,-1.0,811,35635,130570.6,609,80624,13.7,805,8062,1.70
2026-05-18 13:32:46,11640064,288,0,0.0,3,-1,-1.0,-1.0,811,35635,130570.6,609,80624,13.7,801,8212,1.74
2026-05-18 13:32:47,11641064,288,0,0.0,3,-1,-1.0,-1.0,811,35635,130570.6,609,80624,13.7,805,8062,1.70
2026-05-18 13:32:48,11642064,287,0,0.0,3,-1,-1.0,-1.0,811,35635,130570.6,609,80624,13.7,810,7877,1.66
2026-05-18 13:32:49,11643064,288,0,0.0,3,-1,-1.0,-1.0,811,35635,130570.6,610,80328,13.8,812,7803,1.64
2026-05-18 13:32:50,11644064,287,0,0.0,3,-1,-1.0,-1.0,811,35635,130570.6,609,80624,13.7,813,7766,1.63
2026-05-18 13:32:51,11645064,287,0,0.0,3,-1,-1.0,-1.0,811,35635,130570.6,609,80624,13.7,807,7988,1.68
2026-05-18 13:32:52,11646064,288,0,0.0,3,-1,-1.0,-1.0,811,35635,130570.6,609,80624,13.7,806,8025,1.69
2026-05-18 13:32:53,11647064,287,0,0.0,3,-1,-1.0,-1.0,811,35635,130570.6,609,80624,13.7,811,7840,1.65
2026-05-18 13:32:54,11648064,287,0,0.0,3,-1,-1.0,-1.0,811,35635,130570.6,609,80624,13.7,812,7803,1.64
2026-05-18 13:32:56,11649064,288,0,0.0,3,-1,-1.0,-1.0,811,35635,130570.6,609,80624,13.7,813,7766,1.63
2026-05-18 13:32:56,11650064,288,0,0.0,3,-1,-1.0,-1.0,811,35635,130570.6,609,80624,13.7,813,7766,1.63
2026-05-18 13:32:57,11651064,287,0,0.0,3,-1,-1.0,-1.0,811,35635,130570.6,609,80624,13.7,808,7950,1.67
2026-05-18 13:32:58,11652064,288,0,0.0,3,-1,-1.0,-1.0,811,35635,130570.6,609,80624,13.7,807,7988,1.68
2026-05-18 13:32:59,11653064,287,0,0.0,3,-1,-1.0,-1.0,811,35635,130570.6,609,80624,13.7,809,7913,1.67
2026-05-18 13:33:01,11654064,287,0,0.0,3,-1,-1.0,-1.0,811,35635,130570.6,609,80624,13.7,807,7988,1.68
2026-05-18 13:33:01,11655064,287,0,0.0,3,-1,-1.0,-1.0,811,35635,130570.6,609,80624,13.7,810,7877,1.66
2026-05-18 13:33:02,11656064,287,0,0.0,3,-1,-1.0,-1.0,811,35635,130570.6,609,80624,13.7,814,7730,1.62
2026-05-18 13:33:03,11657064,287,0,0.0,3,-1,-1.0,-1.0,811,35635,130570.6,609,80624,13.7,813,7766,1.63
2026-05-18 13:33:04,11658064,287,0,0.0,3,-1,-1.0,-1.0,811,35635,130570.6,609,80624,13.7,810,7877,1.66
2026-05-18 13:33:05,11659064,287,0,0.0,3,-1,-1.0,-1.0,811,35635,130570.6,609,80624,13.7,806,8025,1.69
2026-05-18 13:33:06,11660064,287,0,0.0,3,-1,-1.0,-1.0,811,35635,130570.6,609,80624,13.7,808,7950,1.67
2026-05-18 13:33:07,11661064,287,0,0.0,3,-1,-1.0,-1.0,811,35635,130570.6,609,80624,13.7,811,7840,1.65
2026-05-18 13:33:08,11662064,287,0,0.0,3,-1,-1.0,-1.0,811,35635,130570.6,609,80624,13.7,811,7840,1.65
2026-05-18 13:33:10,11663064,287,0,0.0,3,-1,-1.0,-1.0,811,35635,130570.6,609,80624,13.7,809,7913,1.67
2026-05-18 13:33:10,11664064,287,0,0.0,3,-1,-1.0,-1.0,811,35635,130570.6,609,80624,13.7,808,7950,1.67
2026-05-18 13:33:11,11665064,287,0,0.0,3,-1,-1.0,-1.0,811,35635,130570.6,609,80624,13.7,807,7988,1.68
2026-05-18 13:33:12,11666064,287,0,0.0,3,-1,-1.0,-1.0,811,35635,130570.6,609,80624,13.7,805,8062,1.70
2026-05-18 13:33:14,11667064,287,0,0.0,3,-1,-1.0,-1.0,811,35635,130570.6,609,80624,13.7,804,8100,1.71
2026-05-18 13:33:14,11668064,287,0,0.0,3,-1,-1.0,-1.0,811,35635,130570.6,609,80624,13.7,802,8175,1.73
2026-05-18 13:33:15,11669064,287,0,0.0,3,-1,-1.0,-1.0,811,35635,130570.6,608,80921,13.6,803,8137,1.72
2026-05-18 13:33:17,11670064,287,0,0.0,3,-1,-1.0,-1.0,811,35635,130570.6,609,80624,13.7,805,8062,1.70
2026-05-18 13:33:17,11671064,287,0,0.0,3,-1,-1.0,-1.0,811,35635,130570.6,609,80624,13.7,805,8062,1.70
2026-05-18 13:33:18,11672064,287,0,0.0,3,-1,-1.0,-1.0,811,35635,130570.6,609,80624,13.7,804,8100,1.71
2026-05-18 13:33:19,11673064,287,0,0.0,3,-1,-1.0,-1.0,811,35635,130570.6,609,80624,13.7,803,8137,1.72
2026-05-18 13:33:20,11674064,287,0,0.0,3,-1,-1.0,-1.0,811,35635,130570.6,609,80624,13.7,803,8137,1.72
2026-05-18 13:33:22,11675064,287,0,0.0,3,-1,-1.0,-1.0,811,35635,130570.6,608,80921,13.6,805,8062,1.70
2026-05-18 13:33:22,11676064,287,0,0.0,3,-1,-1.0,-1.0,811,35635,130570.6,608,80921,13.6,806,8025,1.69
2026-05-18 13:33:23,11677064,287,0,0.0,3,-1,-1.0,-1.0,811,35635,130570.6,608,80921,13.6,806,8025,1.69
2026-05-18 13:33:25,11678064,287,0,0.0,3,-1,-1.0,-1.0,811,35635,130570.6,608,80921,13.6,805,8062,1.70
2026-05-18 13:33:25,11679064,288,0,0.0,3,-1,-1.0,-1.0,811,35635,130570.6,608,80921,13.6,804,8100,1.71
2026-05-18 13:33:26,11680064,287,0,0.0,3,-1,-1.0,-1.0,811,35635,130570.6,608,80921,13.6,804,8100,1.71
2026-05-18 13:33:27,11681064,287,0,0.0,3,-1,-1.0,-1.0,811,35635,130570.6,608,80921,13.6,805,8062,1.70
2026-05-18 13:33:29,11682064,288,0,0.0,3,-1,-1.0,-1.0,811,35635,130570.6,608,80921,13.6,804,8100,1.71
2026-05-18 13:33:29,11683064,287,0,0.0,3,-1,-1.0,-1.0,811,35635,130570.6,608,80921,13.6,801,8212,1.74
2026-05-18 13:33:30,11684064,287,0,0.0,3,-1,-1.0,-1.0,811,35635,130570.6,608,80921,13.6,802,8175,1.73
2026-05-18 13:33:31,11685064,288,0,0.0,3,-1,-1.0,-1.0,811,35635,130570.6,607,81219,13.5,803,8137,1.72
2026-05-18 13:33:32,11686064,287,0,0.0,3,-1,-1.0,-1.0,811,35635,130570.6,607,81219,13.5,804,8100,1.71
2026-05-18 13:33:33,11687064,287,0,0.0,3,-1,-1.0,-1.0,811,35635,130570.6,607,81219,13.5,806,8025,1.69
2026-05-18 13:33:34,11688064,287,0,0.0,3,-1,-1.0,-1.0,811,35635,130570.6,607,81219,13.5,808,7950,1.67
2026-05-18 13:33:35,11689064,287,0,0.0,3,-1,-1.0,-1.0,811,35635,130570.6,607,81219,13.5,810,7877,1.66
2026-05-18 13:33:36,11690064,287,0,0.0,3,-1,-1.0,-1.0,811,35635,130570.6,607,81219,13.5,812,7803,1.64
2026-05-18 13:33:37,11691064,287,0,0.0,3,-1,-1.0,-1.0,811,35635,130570.6,607,81219,13.5,813,7766,1.63
2026-05-18 13:33:38,11692064,287,0,0.0,3,-1,-1.0,-1.0,811,35635,130570.6,607,81219,13.5,812,7803,1.64
2026-05-18 13:33:40,11693064,287,0,0.0,3,-1,-1.0,-1.0,811,35635,130570.6,607,81219,13.5,808,7950,1.67
2026-05-18 13:33:40,11694064,287,0,0.0,3,-1,-1.0,-1.0,811,35635,130570.6,606,81518,13.4,804,8100,1.71
2026-05-18 13:33:41,11695064,287,0,0.0,3,-1,-1.0,-1.0,810,35802,128833.2,606,81518,13.4,806,8025,1.69
2026-05-18 13:33:42,11696064,287,0,0.0,3,-1,-1.0,-1.0,811,35635,130570.6,607,81219,13.5,810,7877,1.66
2026-05-18 13:33:43,11697064,287,0,0.0,3,-1,-1.0,-1.0,810,35802,128833.2,606,81518,13.4,812,7803,1.64
2026-05-18 13:33:45,11698064,287,0,0.0,3,-1,-1.0,-1.0,810,35802,128833.2,606,81518,13.4,814,7730,1.62
2026-05-18 13:33:45,11699064,287,0,0.0,3,-1,-1.0,-1.0,810,35802,128833.2,606,81518,13.4,816,7657,1.61
2026-05-18 13:33:46,11700064,288,0,0.0,3,-1,-1.0,-1.0,810,35802,128833.2,606,81518,13.4,818,7584,1.59
2026-05-18 13:33:47,11701064,288,0,0.0,3,-1,-1.0,-1.0,810,35802,128833.2,607,81219,13.5,814,7730,1.62
2026-05-18 13:33:48,11702064,287,0,0.0,3,-1,-1.0,-1.0,810,35802,128833.2,606,81518,13.4,808,7950,1.67
2026-05-18 13:33:49,11703064,287,0,0.0,3,-1,-1.0,-1.0,810,35802,128833.2,606,81518,13.4,804,8100,1.71
2026-05-18 13:33:50,11704064,288,0,0.0,3,-1,-1.0,-1.0,810,35802,128833.2,606,81518,13.4,803,8137,1.72
2026-05-18 13:33:52,11705064,288,0,0.0,3,-1,-1.0,-1.0,810,35802,128833.2,606,81518,13.4,803,8137,1.72
2026-05-18 13:33:52,11706064,287,0,0.0,3,-1,-1.0,-1.0,810,35802,128833.2,606,81518,13.4,804,8100,1.71
2026-05-18 13:33:53,11707064,287,0,0.0,3,-1,-1.0,-1.0,810,35802,128833.2,606,81518,13.4,807,7988,1.68
2026-05-18 13:33:54,11708064,288,0,0.0,3,-1,-1.0,-1.0,810,35802,128833.2,606,81518,13.4,808,7950,1.67
2026-05-18 13:33:55,11709064,288,0,0.0,3,-1,-1.0,-1.0,810,35802,128833.2,606,81518,13.4,806,8025,1.69
2026-05-18 13:33:56,11710064,287,0,0.0,3,-1,-1.0,-1.0,810,35802,128833.2,606,81518,13.4,806,8025,1.69
2026-05-18 13:33:57,11711064,287,0,0.0,3,-1,-1.0,-1.0,810,35802,128833.2,606,81518,13.4,805,8062,1.70
2026-05-18 13:33:58,11712064,287,0,0.0,3,-1,-1.0,-1.0,810,35802,128833.2,606,81518,13.4,803,8137,1.72
2026-05-18 13:33:59,11713064,288,0,0.0,3,-1,-1.0,-1.0,810,35802,128833.2,606,81518,13.4,802,8175,1.73
2026-05-18 13:34:00,11714064,287,0,0.0,3,-1,-1.0,-1.0,810,35802,128833.2,606,81518,13.4,804,8100,1.71
2026-05-18 13:34:01,11715064,287,0,0.0,3,-1,-1.0,-1.0,810,35802,128833.2,606,81518,13.4,806,8025,1.69
2026-05-18 13:34:02,11716064,288,0,0.0,3,-1,-1.0,-1.0,810,35802,128833.2,606,81518,13.4,806,8025,1.69
2026-05-18 13:34:03,11717064,287,0,0.0,3,-1,-1.0,-1.0,810,35802,128833.2,606,81518,13.4,806,8025,1.69
2026-05-18 13:34:04,11718064,287,0,0.0,3,-1,-1.0,-1.0,810,35802,128833.2,606,81518,13.4,806,8025,1.69
2026-05-18 13:34:05,11719064,288,0,0.0,3,-1,-1.0,-1.0,810,35802,128833.2,606,81518,13.4,805,8062,1.70
2026-05-18 13:34:06,11720064,288,0,0.0,3,-1,-1.0,-1.0,810,35802,128833.2,606,81518,13.4,805,8062,1.70
2026-05-18 13:34:07,11721064,287,0,0.0,3,-1,-1.0,-1.0,810,35802,128833.2,605,81818,13.3,804,8100,1.71
2026-05-18 13:34:09,11722064,288,0,0.0,3,-1,-1.0,-1.0,810,35802,128833.2,606,81518,13.4,803,8137,1.72
2026-05-18 13:34:09,11723064,287,0,0.0,3,-1,-1.0,-1.0,810,35802,128833.2,606,81518,13.4,803,8137,1.72
2026-05-18 13:34:10,11724064,287,0,0.0,3,-1,-1.0,-1.0,810,35802,128833.2,606,81518,13.4,805,8062,1.70
2026-05-18 13:34:11,11725064,288,0,0.0,3,-1,-1.0,-1.0,811,35635,130570.6,606,81518,13.4,805,8062,1.70
2026-05-18 13:34:12,11726064,288,0,0.0,3,-1,-1.0,-1.0,810,35802,128833.2,606,81518,13.4,805,8062,1.70
2026-05-18 13:34:13,11727064,288,0,0.0,3,-1,-1.0,-1.0,810,35802,128833.2,606,81518,13.4,805,8062,1.70
2026-05-18 13:34:14,11728064,287,0,0.0,3,-1,-1.0,-1.0,810,35802,128833.2,606,81518,13.4,804,8100,1.71
2026-05-18 13:34:15,11729064,288,0,0.0,3,-1,-1.0,-1.0,810,35802,128833.2,606,81518,13.4,804,8100,1.71
2026-05-18 13:34:16,11730064,288,0,0.0,3,-1,-1.0,-1.0,810,35802,128833.2,606,81518,13.4,804,8100,1.71
2026-05-18 13:34:17,11731064,288,0,0.0,3,-1,-1.0,-1.0,810,35802,128833.2,605,81818,13.3,803,8137,1.72
2026-05-18 13:34:18,11732064,288,0,0.0,3,-1,-1.0,-1.0,810,35802,128833.2,605,81818,13.3,803,8137,1.72
2026-05-18 13:34:19,11733064,288,0,0.0,3,-1,-1.0,-1.0,810,35802,128833.2,605,81818,13.3,803,8137,1.72
2026-05-18 13:34:20,11734064,288,0,0.0,3,-1,-1.0,-1.0,810,35802,128833.2,605,81818,13.3,804,8100,1.71
2026-05-18 13:34:21,11735064,287,0,0.0,3,-1,-1.0,-1.0,810,35802,128833.2,605,81818,13.3,805,8062,1.70
2026-05-18 13:34:22,11736064,288,0,0.0,3,-1,-1.0,-1.0,810,35802,128833.2,605,81818,13.3,806,8025,1.69
2026-05-18 13:34:23,11737064,288,0,0.0,3,-1,-1.0,-1.0,810,35802,128833.2,605,81818,13.3,809,7913,1.67
2026-05-18 13:34:24,11738064,287,0,0.0,3,-1,-1.0,-1.0,810,35802,128833.2,605,81818,13.3,810,7877,1.66
2026-05-18 13:34:25,11739064,288,0,0.0,3,-1,-1.0,-1.0,810,35802,128833.2,605,81818,13.3,812,7803,1.64
2026-05-18 13:34:26,11740064,288,0,0.0,3,-1,-1.0,-1.0,810,35802,128833.2,605,81818,13.3,813,7766,1.63
2026-05-18 13:34:27,11741064,287,0,0.0,3,-1,-1.0,-1.0,810,35802,128833.2,606,81518,13.4,814,7730,1.62
2026-05-18 13:34:28,11742064,288,0,0.0,3,-1,-1.0,-1.0,810,35802,128833.2,606,81518,13.4,815,7693,1.61
2026-05-18 13:34:29,11743064,288,0,0.0,3,-1,-1.0,-1.0,810,35802,128833.2,605,81818,13.3,815,7693,1.61
2026-05-18 13:34:30,11744064,288,0,0.0,3,-1,-1.0,-1.0,810,35802,128833.2,605,81818,13.3,816,7657,1.61
2026-05-18 13:34:31,11745064,288,0,0.0,3,-1,-1.0,-1.0,810,35802,128833.2,605,81818,13.3,815,7693,1.61
2026-05-18 13:34:32,11746064,288,0,0.0,3,-1,-1.0,-1.0,810,35802,128833.2,606,81518,13.4,815,7693,1.61
2026-05-18 13:34:33,11747064,288,0,0.0,3,-1,-1.0,-1.0,810,35802,128833.2,606,81518,13.4,815,7693,1.61
2026-05-18 13:34:34,11748064,288,0,0.0,3,-1,-1.0,-1.0,810,35802,128833.2,606,81518,13.4,815,7693,1.61
2026-05-18 13:34:35,11749064,288,0,0.0,3,-1,-1.0,-1.0,810,35802,128833.2,606,81518,13.4,816,7657,1.61
2026-05-18 13:34:36,11750064,288,0,0.0,3,-1,-1.0,-1.0,810,35802,128833.2,606,81518,13.4,816,7657,1.61
2026-05-18 13:34:37,11751064,288,0,0.0,3,-1,-1.0,-1.0,810,35802,128833.2,606,81518,13.4,816,7657,1.61
2026-05-18 13:34:38,11752064,287,0,0.0,3,-1,-1.0,-1.0,810,35802,128833.2,606,81518,13.4,817,7621,1.60
2026-05-18 13:34:39,11753064,288,0,0.0,3,-1,-1.0,-1.0,810,35802,128833.2,606,81518,13.4,817,7621,1.60
2026-05-18 13:34:40,11754064,288,0,0.0,3,-1,-1.0,-1.0,810,35802,128833.2,607,81219,13.5,817,7621,1.60
2026-05-18 13:34:41,11755064,287,0,0.0,3,-1,-1.0,-1.0,811,35635,130570.6,606,81518,13.4,816,7657,1.61
2026-05-18 13:34:42,11756064,288,0,0.0,3,-1,-1.0,-1.0,811,35635,130570.6,607,81219,13.5,816,7657,1.61
2026-05-18 13:34:43,11757064,288,0,0.0,3,-1,-1.0,-1.0,811,35635,130570.6,607,81219,13.5,816,7657,1.61
2026-05-18 13:34:44,11758064,287,0,0.0,3,-1,-1.0,-1.0,810,35802,128833.2,607,81219,13.5,816,7657,1.61
2026-05-18 13:34:45,11759064,288,0,0.0,3,-1,-1.0,-1.0,811,35635,130570.6,607,81219,13.5,816,7657,1.61
2026-05-18 13:34:46,11760064,288,0,0.0,3,-1,-1.0,-1.0,811,35635,130570.6,607,81219,13.5,816,7657,1.61
2026-05-18 13:34:47,11761064,288,0,0.0,3,-1,-1.0,-1.0,811,35635,130570.6,607,81219,13.5,815,7693,1.61
2026-05-18 13:34:48,11762064,287,0,0.0,3,-1,-1.0,-1.0,811,35635,130570.6,607,81219,13.5,815,7693,1.61
2026-05-18 13:34:49,11763064,287,0,0.0,3,-1,-1.0,-1.0,811,35635,130570.6,607,81219,13.5,815,7693,1.61
2026-05-18 13:34:50,11764064,288,0,0.0,3,-1,-1.0,-1.0,811,35635,130570.6,607,81219,13.5,814,7730,1.62
2026-05-18 13:34:51,11765064,287,0,0.0,3,-1,-1.0,-1.0,811,35635,130570.6,607,81219,13.5,813,7766,1.63
2026-05-18 13:34:52,11766064,287,0,0.0,3,-1,-1.0,-1.0,811,35635,130570.6,607,81219,13.5,813,7766,1.63
2026-05-18 13:34:53,11767064,288,0,0.0,3,-1,-1.0,-1.0,811,35635,130570.6,607,81219,13.5,812,7803,1.64
2026-05-18 13:34:54,11768064,288,0,0.0,3,-1,-1.0,-1.0,811,35635,130570.6,607,81219,13.5,812,7803,1.64
2026-05-18 13:34:55,11769064,287,0,0.0,3,-1,-1.0,-1.0,811,35635,130570.6,607,81219,13.5,812,7803,1.64
2026-05-18 13:34:56,11770064,288,0,0.0,3,-1,-1.0,-1.0,811,35635,130570.6,607,81219,13.5,812,7803,1.64
2026-05-18 13:34:57,11771064,288,0,0.0,3,-1,-1.0,-1.0,811,35635,130570.6,607,81219,13.5,812,7803,1.64
2026-05-18 13:34:58,11772064,288,0,0.0,3,-1,-1.0,-1.0,811,35635,130570.6,607,81219,13.5,813,7766,1.63
2026-05-18 13:34:59,11773064,288,0,0.0,3,-1,-1.0,-1.0,811,35635,130570.6,607,81219,13.5,813,7766,1.63
2026-05-18 13:35:00,11774064,288,0,0.0,3,-1,-1.0,-1.0,811,35635,130570.6,607,81219,13.5,814,7730,1.62
2026-05-18 13:35:01,11775064,288,0,0.0,3,-1,-1.0,-1.0,811,35635,130570.6,607,81219,13.5,814,7730,1.62
2026-05-18 13:35:02,11776064,288,0,0.0,3,-1,-1.0,-1.0,811,35635,130570.6,607,81219,13.5,815,7693,1.61
2026-05-18 13:35:03,11777064,288,0,0.0,3,-1,-1.0,-1.0,811,35635,130570.6,607,81219,13.5,815,7693,1.61
2026-05-18 13:35:04,11778064,288,0,0.0,3,-1,-1.0,-1.0,811,35635,130570.6,607,81219,13.5,814,7730,1.62
2026-05-18 13:35:05,11779064,288,0,0.0,3,-1,-1.0,-1.0,811,35635,130570.6,607,81219,13.5,815,7693,1.61
2026-05-18 13:35:06,11780064,287,0,0.0,3,-1,-1.0,-1.0,811,35635,130570.6,607,81219,13.5,815,7693,1.61
2026-05-18 13:35:07,11781064,288,0,0.0,3,-1,-1.0,-1.0,811,35635,130570.6,608,80921,13.6,815,7693,1.61
2026-05-18 13:35:08,11782064,288,0,0.0,3,-1,-1.0,-1.0,811,35635,130570.6,607,81219,13.5,815,7693,1.61
2026-05-18 13:35:09,11783064,287,0,0.0,3,-1,-1.0,-1.0,811,35635,130570.6,608,80921,13.6,816,7657,1.61
2026-05-18 13:35:10,11784064,288,0,0.0,3,-1,-1.0,-1.0,811,35635,130570.6,607,81219,13.5,816,7657,1.61
2026-05-18 13:35:11,11785064,288,0,0.0,3,-1,-1.0,-1.0,811,35635,130570.6,607,81219,13.5,816,7657,1.61
2026-05-18 13:35:12,11786064,288,0,0.0,3,-1,-1.0,-1.0,811,35635,130570.6,607,81219,13.5,816,7657,1.61
2026-05-18 13:35:13,11787064,288,0,0.0,3,-1,-1.0,-1.0,811,35635,130570.6,608,80921,13.6,816,7657,1.61
2026-05-18 13:35:14,11788064,288,0,0.0,3,-1,-1.0,-1.0,811,35635,130570.6,608,80921,13.6,816,7657,1.61
2026-05-18 13:35:15,11789064,288,0,0.0,3,-1,-1.0,-1.0,811,35635,130570.6,607,81219,13.5,816,7657,1.61
2026-05-18 13:35:16,11790064,288,0,0.0,3,-1,-1.0,-1.0,811,35635,130570.6,608,80921,13.6,815,7693,1.61
2026-05-18 13:35:17,11791064,288,0,0.0,3,-1,-1.0,-1.0,811,35635,130570.6,608,80921,13.6,815,7693,1.61
2026-05-18 13:35:18,11792064,288,0,0.0,3,-1,-1.0,-1.0,811,35635,130570.6,608,80921,13.6,814,7730,1.62
2026-05-18 13:35:19,11793064,288,0,0.0,3,-1,-1.0,-1.0,811,35635,130570.6,608,80921,13.6,814,7730,1.62
2026-05-18 13:35:21,11794064,288,0,0.0,3,-1,-1.0,-1.0,811,35635,130570.6,608,80921,13.6,814,7730,1.62
2026-05-18 13:35:22,11795064,288,0,0.0,3,-1,-1.0,-1.0,811,35635,130570.6,608,80921,13.6,814,7730,1.62
2026-05-18 13:35:22,11796064,288,0,0.0,3,-1,-1.0,-1.0,811,35635,130570.6,608,80921,13.6,815,7693,1.61
2026-05-18 13:35:24,11797064,288,0,0.0,3,-1,-1.0,-1.0,811,35635,130570.6,608,80921,13.6,815,7693,1.61
2026-05-18 13:35:25,11798064,288,0,0.0,3,-1,-1.0,-1.0,811,35635,130570.6,608,80921,13.6,816,7657,1.61
2026-05-18 13:35:26,11799064,288,0,0.0,3,-1,-1.0,-1.0,811,35635,130570.6,608,80921,13.6,815,7693,1.61
2026-05-18 13:35:27,11800064,288,0,0.0,3,-1,-1.0,-1.0,811,35635,130570.6,608,80921,13.6,815,7693,1.61
2026-05-18 13:35:28,11801064,288,0,0.0,3,-1,-1.0,-1.0,811,35635,130570.6,608,80921,13.6,815,7693,1.61
2026-05-18 13:35:29,11802064,288,0,0.0,3,-1,-1.0,-1.0,811,35635,130570.6,608,80921,13.6,815,7693,1.61
2026-05-18 13:35:30,11803064,288,0,0.0,3,-1,-1.0,-1.0,811,35635,130570.6,608,80921,13.6,815,7693,1.61
2026-05-18 13:35:31,11804064,288,0,0.0,3,-1,-1.0,-1.0,811,35635,130570.6,608,80921,13.6,815,7693,1.61
2026-05-18 13:35:32,11805064,288,0,0.0,3,-1,-1.0,-1.0,811,35635,130570.6,608,80921,13.6,815,7693,1.61
2026-05-18 13:35:33,11806064,288,0,0.0,3,-1,-1.0,-1.0,811,35635,130570.6,608,80921,13.6,815,7693,1.61
2026-05-18 13:35:34,11807064,288,0,0.0,3,-1,-1.0,-1.0,811,35635,130570.6,608,80921,13.6,815,7693,1.61
2026-05-18 13:35:35,11808064,288,0,0.0,3,-1,-1.0,-1.0,811,35635,130570.6,608,80921,13.6,815,7693,1.61
2026-05-18 13:35:36,11809064,288,0,0.0,3,-1,-1.0,-1.0,811,35635,130570.6,608,80921,13.6,815,7693,1.61
2026-05-18 13:35:37,11810064,288,0,0.0,3,-1,-1.0,-1.0,811,35635,130570.6,608,80921,13.6,815,7693,1.61
2026-05-18 13:35:38,11811064,288,0,0.0,3,-1,-1.0,-1.0,811,35635,130570.6,608,80921,13.6,815,7693,1.61
2026-05-18 13:35:39,11812064,289,0,0.0,3,-1,-1.0,-1.0,811,35635,130570.6,608,80921,13.6,815,7693,1.61
2026-05-18 13:35:40,11813064,288,0,0.0,3,-1,-1.0,-1.0,811,35635,130570.6,608,80921,13.6,814,7730,1.62
2026-05-18 13:35:41,11814064,288,0,0.0,3,-1,-1.0,-1.0,811,35635,130570.6,608,80921,13.6,814,7730,1.62
2026-05-18 13:35:42,11815064,289,0,0.0,3,-1,-1.0,-1.0,811,35635,130570.6,608,80921,13.6,814,7730,1.62
2026-05-18 13:35:43,11816064,288,0,0.0,3,-1,-1.0,-1.0,811,35635,130570.6,608,80921,13.6,814,7730,1.62
2026-05-18 13:35:44,11817064,288,0,0.0,3,-1,-1.0,-1.0,811,35635,130570.6,608,80921,13.6,813,7766,1.63
2026-05-18 13:35:45,11818064,289,0,0.0,3,-1,-1.0,-1.0,811,35635,130570.6,608,80921,13.6,811,7840,1.65
2026-05-18 13:35:46,11819064,288,0,0.0,3,-1,-1.0,-1.0,811,35635,130570.6,607,81219,13.5,810,7877,1.66
2026-05-18 13:35:47,11820064,288,0,0.0,3,-1,-1.0,-1.0,811,35635,130570.6,608,80921,13.6,809,7913,1.67
2026-05-18 13:35:48,11821064,289,0,0.0,3,-1,-1.0,-1.0,811,35635,130570.6,607,81219,13.5,809,7913,1.67
2026-05-18 13:35:49,11822064,288,0,0.0,3,-1,-1.0,-1.0,811,35635,130570.6,608,80921,13.6,809,7913,1.67
2026-05-18 13:35:50,11823064,288,0,0.0,3,-1,-1.0,-1.0,811,35635,130570.6,608,80921,13.6,809,7913,1.67
2026-05-18 13:35:51,11824064,288,0,0.0,3,-1,-1.0,-1.0,811,35635,130570.6,607,81219,13.5,809,7913,1.67
2026-05-18 13:35:52,11825064,288,0,0.0,3,-1,-1.0,-1.0,811,35635,130570.6,608,80921,13.6,810,7877,1.66
2026-05-18 13:35:53,11826064,288,0,0.0,3,-1,-1.0,-1.0,811,35635,130570.6,608,80921,13.6,810,7877,1.66
2026-05-18 13:35:54,11827064,288,0,0.0,3,-1,-1.0,-1.0,811,35635,130570.6,608,80921,13.6,811,7840,1.65
2026-05-18 13:35:55,11828064,288,0,0.0,3,-1,-1.0,-1.0,811,35635,130570.6,607,81219,13.5,811,7840,1.65
2026-05-18 13:35:56,11829064,288,0,0.0,3,-1,-1.0,-1.0,811,35635,130570.6,608,80921,13.6,811,7840,1.65
2026-05-18 13:35:57,11830064,288,0,0.0,3,-1,-1.0,-1.0,811,35635,130570.6,608,80921,13.6,811,7840,1.65
2026-05-18 13:35:58,11831064,288,0,0.0,3,-1,-1.0,-1.0,811,35635,130570.6,608,80921,13.6,811,7840,1.65
2026-05-18 13:35:59,11832064,288,0,0.0,3,-1,-1.0,-1.0,811,35635,130570.6,608,80921,13.6,811,7840,1.65
2026-05-18 13:36:00,11833064,288,0,0.0,3,-1,-1.0,-1.0,811,35635,130570.6,607,81219,13.5,811,7840,1.65
2026-05-18 13:36:01,11834064,288,0,0.0,3,-1,-1.0,-1.0,811,35635,130570.6,608,80921,13.6,810,7877,1.66
2026-05-18 13:36:02,11835064,288,0,0.0,3,-1,-1.0,-1.0,811,35635,130570.6,608,80921,13.6,807,7988,1.68
2026-05-18 13:36:03,11836064,288,0,0.0,3,-1,-1.0,-1.0,811,35635,130570.6,608,80921,13.6,806,8025,1.69
2026-05-18 13:36:04,11837064,288,0,0.0,3,-1,-1.0,-1.0,811,35635,130570.6,608,80921,13.6,806,8025,1.69
2026-05-18 13:36:05,11838064,288,0,0.0,3,-1,-1.0,-1.0,811,35635,130570.6,608,80921,13.6,808,7950,1.67
2026-05-18 13:36:06,11839064,288,0,0.0,3,-1,-1.0,-1.0,811,35635,130570.6,608,80921,13.6,809,7913,1.67
2026-05-18 13:36:07,11840064,288,0,0.0,3,-1,-1.0,-1.0,811,35635,130570.6,608,80921,13.6,809,7913,1.67
2026-05-18 13:36:08,11841064,288,0,0.0,3,-1,-1.0,-1.0,811,35635,130570.6,608,80921,13.6,810,7877,1.66
2026-05-18 13:36:09,11842064,288,0,0.0,3,-1,-1.0,-1.0,811,35635,130570.6,608,80921,13.6,811,7840,1.65
2026-05-18 13:36:10,11843064,288,0,0.0,3,-1,-1.0,-1.0,811,35635,130570.6,608,80921,13.6,811,7840,1.65
2026-05-18 13:36:11,11844064,288,0,0.0,3,-1,-1.0,-1.0,811,35635,130570.6,608,80921,13.6,812,7803,1.64
2026-05-18 13:36:12,11845064,288,0,0.0,3,-1,-1.0,-1.0,811,35635,130570.6,608,80921,13.6,812,7803,1.64
2026-05-18 13:36:13,11846064,288,0,0.0,3,-1,-1.0,-1.0,811,35635,130570.6,609,80624,13.7,813,7766,1.63
2026-05-18 13:36:14,11847064,288,0,0.0,3,-1,-1.0,-1.0,811,35635,130570.6,608,80921,13.6,813,7766,1.63
2026-05-18 13:36:15,11848064,288,0,0.0,3,-1,-1.0,-1.0,811,35635,130570.6,608,80921,13.6,814,7730,1.62
2026-05-18 13:36:16,11849064,288,0,0.0,3,-1,-1.0,-1.0,811,35635,130570.6,608,80921,13.6,814,7730,1.62
2026-05-18 13:36:17,11850064,288,0,0.0,3,-1,-1.0,-1.0,811,35635,130570.6,608,80921,13.6,813,7766,1.63
2026-05-18 13:36:18,11851064,288,0,0.0,3,-1,-1.0,-1.0,811,35635,130570.6,608,80921,13.6,813,7766,1.63
2026-05-18 13:36:19,11852064,289,0,0.0,3,-1,-1.0,-1.0,811,35635,130570.6,609,80624,13.7,812,7803,1.64
2026-05-18 13:36:20,11853064,288,0,0.0,3,-1,-1.0,-1.0,811,35635,130570.6,609,80624,13.7,811,7840,1.65
2026-05-18 13:36:21,11854064,288,0,0.0,3,-1,-1.0,-1.0,811,35635,130570.6,608,80921,13.6,809,7913,1.67
2026-05-18 13:36:22,11855064,289,0,0.0,3,-1,-1.0,-1.0,811,35635,130570.6,608,80921,13.6,809,7913,1.67
2026-05-18 13:36:23,11856064,288,0,0.0,3,-1,-1.0,-1.0,811,35635,130570.6,608,80921,13.6,809,7913,1.67
2026-05-18 13:36:24,11857064,288,0,0.0,3,-1,-1.0,-1.0,811,35635,130570.6,608,80921,13.6,809,7913,1.67
2026-05-18 13:36:25,11858064,288,0,0.0,3,-1,-1.0,-1.0,811,35635,130570.6,608,80921,13.6,811,7840,1.65
2026-05-18 13:36:26,11859064,288,0,0.0,3,-1,-1.0,-1.0,811,35635,130570.6,608,80921,13.6,812,7803,1.64
2026-05-18 13:36:27,11860064,289,0,0.0,3,-1,-1.0,-1.0,811,35635,130570.6,608,80921,13.6,813,7766,1.63
2026-05-18 13:36:28,11861064,289,0,0.0,3,-1,-1.0,-1.0,811,35635,130570.6,608,80921,13.6,813,7766,1.63
2026-05-18 13:36:29,11862064,289,0,0.0,3,-1,-1.0,-1.0,811,35635,130570.6,608,80921,13.6,814,7730,1.62
2026-05-18 13:36:30,11863064,288,0,0.0,3,-1,-1.0,-1.0,811,35635,130570.6,609,80624,13.7,814,7730,1.62
2026-05-18 13:36:31,11864064,288,0,0.0,3,-1,-1.0,-1.0,811,35635,130570.6,609,80624,13.7,814,7730,1.62
2026-05-18 13:36:32,11865064,288,0,0.0,3,-1,-1.0,-1.0,811,35635,130570.6,609,80624,13.7,813,7766,1.63
2026-05-18 13:36:33,11866064,289,0,0.0,3,-1,-1.0,-1.0,811,35635,130570.6,609,80624,13.7,813,7766,1.63
2026-05-18 13:36:34,11867064,288,0,0.0,3,-1,-1.0,-1.0,811,35635,130570.6,608,80921,13.6,813,7766,1.63
2026-05-18 13:36:35,11868064,288,0,0.0,3,-1,-1.0,-1.0,811,35635,130570.6,608,80921,13.6,813,7766,1.63
2026-05-18 13:36:36,11869064,289,0,0.0,3,-1,-1.0,-1.0,811,35635,130570.6,608,80921,13.6,813,7766,1.63
2026-05-18 13:36:37,11870064,288,0,0.0,3,-1,-1.0,-1.0,811,35635,130570.6,609,80624,13.7,813,7766,1.63
2026-05-18 13:36:38,11871064,288,0,0.0,3,-1,-1.0,-1.0,811,35635,130570.6,608,80921,13.6,814,7730,1.62
2026-05-18 13:36:39,11872064,289,0,0.0,3,-1,-1.0,-1.0,811,35635,130570.6,608,80921,13.6,814,7730,1.62
2026-05-18 13:36:40,11873064,288,0,0.0,3,-1,-1.0,-1.0,811,35635,130570.6,608,80921,13.6,814,7730,1.62
2026-05-18 13:36:41,11874064,288,0,0.0,3,-1,-1.0,-1.0,811,35635,130570.6,608,80921,13.6,814,7730,1.62
2026-05-18 13:36:42,11875064,289,0,0.0,3,-1,-1.0,-1.0,811,35635,130570.6,609,80624,13.7,813,7766,1.63
2026-05-18 13:36:43,11876064,289,0,0.0,3,-1,-1.0,-1.0,811,35635,130570.6,608,80921,13.6,813,7766,1.63
2026-05-18 13:36:44,11877064,288,0,0.0,3,-1,-1.0,-1.0,811,35635,130570.6,608,80921,13.6,813,7766,1.63
2026-05-18 13:36:45,11878064,288,0,0.0,3,-1,-1.0,-1.0,811,35635,130570.6,608,80921,13.6,812,7803,1.64
2026-05-18 13:36:46,11879064,289,0,0.0,3,-1,-1.0,-1.0,811,35635,130570.6,608,80921,13.6,811,7840,1.65
2026-05-18 13:36:47,11880064,289,0,0.0,3,-1,-1.0,-1.0,811,35635,130570.6,608,80921,13.6,811,7840,1.65
2026-05-18 13:36:48,11881064,288,0,0.0,3,-1,-1.0,-1.0,811,35635,130570.6,608,80921,13.6,809,7913,1.67
2026-05-18 13:36:49,11882064,288,0,0.0,3,-1,-1.0,-1.0,811,35635,130570.6,608,80921,13.6,808,7950,1.67
2026-05-18 13:36:50,11883064,289,0,0.0,3,-1,-1.0,-1.0,811,35635,130570.6,608,80921,13.6,807,7988,1.68
2026-05-18 13:36:51,11884064,288,0,0.0,3,-1,-1.0,-1.0,811,35635,130570.6,608,80921,13.6,806,8025,1.69
2026-05-18 13:36:52,11885064,288,0,0.0,3,-1,-1.0,-1.0,811,35635,130570.6,607,81219,13.5,806,8025,1.69
2026-05-18 13:36:53,11886064,289,0,0.0,3,-1,-1.0,-1.0,811,35635,130570.6,608,80921,13.6,806,8025,1.69
2026-05-18 13:36:54,11887064,288,0,0.0,3,-1,-1.0,-1.0,811,35635,130570.6,608,80921,13.6,806,8025,1.69
2026-05-18 13:36:55,11888064,288,0,0.0,3,-1,-1.0,-1.0,811,35635,130570.6,608,80921,13.6,806,8025,1.69
2026-05-18 13:36:56,11889064,288,0,0.0,3,-1,-1.0,-1.0,811,35635,130570.6,608,80921,13.6,807,7988,1.68
2026-05-18 13:36:57,11890064,288,0,0.0,3,-1,-1.0,-1.0,811,35635,130570.6,608,80921,13.6,807,7988,1.68
2026-05-18 13:36:58,11891064,289,0,0.0,3,-1,-1.0,-1.0,811,35635,130570.6,608,80921,13.6,808,7950,1.67
2026-05-18 13:36:59,11892064,288,0,0.0,3,-1,-1.0,-1.0,811,35635,130570.6,608,80921,13.6,809,7913,1.67
2026-05-18 13:37:00,11893064,288,0,0.0,3,-1,-1.0,-1.0,811,35635,130570.6,608,80921,13.6,809,7913,1.67
2026-05-18 13:37:01,11894064,288,0,0.0,3,-1,-1.0,-1.0,811,35635,130570.6,608,80921,13.6,809,7913,1.67
2026-05-18 13:37:02,11895064,288,0,0.0,3,-1,-1.0,-1.0,811,35635,130570.6,608,80921,13.6,809,7913,1.67
2026-05-18 13:37:03,11896064,288,0,0.0,3,-1,-1.0,-1.0,811,35635,130570.6,608,80921,13.6,810,7877,1.66
2026-05-18 13:37:04,11897064,288,0,0.0,3,-1,-1.0,-1.0,811,35635,130570.6,608,80921,13.6,810,7877,1.66
2026-05-18 13:37:05,11898064,288,0,0.0,3,-1,-1.0,-1.0,811,35635,130570.6,608,80921,13.6,810,7877,1.66
2026-05-18 13:37:06,11899064,288,0,0.0,3,-1,-1.0,-1.0,811,35635,130570.6,609,80624,13.7,810,7877,1.66
2026-05-18 13:37:08,11900064,288,0,0.0,3,-1,-1.0,-1.0,811,35635,130570.6,608,80921,13.6,810,7877,1.66
2026-05-18 13:37:08,11901064,288,0,0.0,3,-1,-1.0,-1.0,811,35635,130570.6,608,80921,13.6,810,7877,1.66
2026-05-18 13:37:09,11902064,288,0,0.0,3,-1,-1.0,-1.0,811,35635,130570.6,608,80921,13.6,809,7913,1.67
2026-05-18 13:37:10,11903064,288,0,0.0,3,-1,-1.0,-1.0,811,35635,130570.6,608,80921,13.6,809,7913,1.67
2026-05-18 13:37:11,11904064,288,0,0.0,3,-1,-1.0,-1.0,811,35635,130570.6,609,80624,13.7,808,7950,1.67
2026-05-18 13:37:12,11905064,288,0,0.0,3,-1,-1.0,-1.0,811,35635,130570.6,608,80921,13.6,808,7950,1.67
2026-05-18 13:37:13,11906064,288,0,0.0,3,-1,-1.0,-1.0,811,35635,130570.6,608,80921,13.6,808,7950,1.67
2026-05-18 13:37:14,11907064,288,0,0.0,3,-1,-1.0,-1.0,811,35635,130570.6,608,80921,13.6,809,7913,1.67
2026-05-18 13:37:15,11908064,288,0,0.0,3,-1,-1.0,-1.0,811,35635,130570.6,608,80921,13.6,809,7913,1.67
2026-05-18 13:37:16,11909064,288,0,0.0,3,-1,-1.0,-1.0,811,35635,130570.6,608,80921,13.6,809,7913,1.67
2026-05-18 13:37:17,11910064,288,0,0.0,3,-1,-1.0,-1.0,811,35635,130570.6,609,80624,13.7,810,7877,1.66
2026-05-18 13:37:18,11911064,288,0,0.0,3,-1,-1.0,-1.0,811,35635,130570.6,608,80921,13.6,811,7840,1.65
2026-05-18 13:37:19,11912064,288,0,0.0,3,-1,-1.0,-1.0,811,35635,130570.6,609,80624,13.7,812,7803,1.64
2026-05-18 13:37:20,11913064,288,0,0.0,3,-1,-1.0,-1.0,811,35635,130570.6,609,80624,13.7,813,7766,1.63
2026-05-18 13:37:21,11914064,289,0,0.0,3,-1,-1.0,-1.0,811,35635,130570.6,609,80624,13.7,813,7766,1.63
2026-05-18 13:37:22,11915064,288,0,0.0,3,-1,-1.0,-1.0,811,35635,130570.6,609,80624,13.7,814,7730,1.62
2026-05-18 13:37:23,11916064,288,0,0.0,3,-1,-1.0,-1.0,811,35635,130570.6,609,80624,13.7,814,7730,1.62
2026-05-18 13:37:24,11917064,288,0,0.0,3,-1,-1.0,-1.0,811,35635,130570.6,609,80624,13.7,814,7730,1.62
2026-05-18 13:37:25,11918064,288,0,0.0,3,-1,-1.0,-1.0,811,35635,130570.6,609,80624,13.7,815,7693,1.61
2026-05-18 13:37:26,11919064,288,0,0.0,3,-1,-1.0,-1.0,811,35635,130570.6,609,80624,13.7,815,7693,1.61
2026-05-18 13:37:27,11920064,288,0,0.0,3,-1,-1.0,-1.0,811,35635,130570.6,608,80921,13.6,814,7730,1.62
2026-05-18 13:37:28,11921064,288,0,0.0,3,-1,-1.0,-1.0,811,35635,130570.6,609,80624,13.7,814,7730,1.62
2026-05-18 13:37:29,11922064,288,0,0.0,3,-1,-1.0,-1.0,811,35635,130570.6,609,80624,13.7,813,7766,1.63
2026-05-18 13:37:30,11923064,288,0,0.0,3,-1,-1.0,-1.0,811,35635,130570.6,609,80624,13.7,813,7766,1.63
2026-05-18 13:37:31,11924064,288,0,0.0,3,-1,-1.0,-1.0,811,35635,130570.6,609,80624,13.7,813,7766,1.63
2026-05-18 13:37:32,11925064,288,0,0.0,3,-1,-1.0,-1.0,811,35635,130570.6,608,80921,13.6,813,7766,1.63
2026-05-18 13:37:33,11926064,288,0,0.0,3,-1,-1.0,-1.0,811,35635,130570.6,608,80921,13.6,812,7803,1.64
2026-05-18 13:37:34,11927064,288,0,0.0,3,-1,-1.0,-1.0,811,35635,130570.6,608,80921,13.6,812,7803,1.64
2026-05-18 13:37:35,11928064,288,0,0.0,3,-1,-1.0,-1.0,811,35635,130570.6,609,80624,13.7,812,7803,1.64
2026-05-18 13:37:36,11929064,289,0,0.0,3,-1,-1.0,-1.0,811,35635,130570.6,608,80921,13.6,811,7840,1.65
2026-05-18 13:37:37,11930064,289,0,0.0,3,-1,-1.0,-1.0,811,35635,130570.6,608,80921,13.6,811,7840,1.65
2026-05-18 13:37:38,11931064,288,0,0.0,3,-1,-1.0,-1.0,811,35635,130570.6,608,80921,13.6,811,7840,1.65
2026-05-18 13:37:39,11932064,289,0,0.0,3,-1,-1.0,-1.0,811,35635,130570.6,608,80921,13.6,811,7840,1.65
2026-05-18 13:37:40,11933064,289,0,0.0,3,-1,-1.0,-1.0,811,35635,130570.6,608,80921,13.6,811,7840,1.65
2026-05-18 13:37:41,11934064,289,0,0.0,3,-1,-1.0,-1.0,811,35635,130570.6,608,80921,13.6,811,7840,1.65
2026-05-18 13:37:42,11935064,289,0,0.0,3,-1,-1.0,-1.0,811,35635,130570.6,608,80921,13.6,811,7840,1.65
2026-05-18 13:37:43,11936064,289,0,0.0,3,-1,-1.0,-1.0,811,35635,130570.6,608,80921,13.6,811,7840,1.65
2026-05-18 13:37:44,11937064,289,0,0.0,3,-1,-1.0,-1.0,811,35635,130570.6,608,80921,13.6,811,7840,1.65
2026-05-18 13:37:45,11938064,288,0,0.0,3,-1,-1.0,-1.0,811,35635,130570.6,608,80921,13.6,812,7803,1.64
2026-05-18 13:37:46,11939064,288,0,0.0,3,-1,-1.0,-1.0,811,35635,130570.6,608,80921,13.6,812,7803,1.64
2026-05-18 13:37:47,11940064,288,0,0.0,3,-1,-1.0,-1.0,811,35635,130570.6,608,80921,13.6,811,7840,1.65
2026-05-18 13:37:48,11941064,288,0,0.0,3,-1,-1.0,-1.0,811,35635,130570.6,608,80921,13.6,811,7840,1.65
2026-05-18 13:37:49,11942064,288,0,0.0,3,-1,-1.0,-1.0,811,35635,130570.6,608,80921,13.6,810,7877,1.66
2026-05-18 13:37:50,11943064,288,0,0.0,3,-1,-1.0,-1.0,811,35635,130570.6,608,80921,13.6,810,7877,1.66
2026-05-18 13:37:51,11944064,288,0,0.0,3,-1,-1.0,-1.0,811,35635,130570.6,608,80921,13.6,809,7913,1.67
2026-05-18 13:37:52,11945064,288,0,0.0,3,-1,-1.0,-1.0,811,35635,130570.6,608,80921,13.6,809,7913,1.67
2026-05-18 13:37:53,11946064,288,0,0.0,3,-1,-1.0,-1.0,811,35635,130570.6,607,81219,13.5,809,7913,1.67
2026-05-18 13:37:54,11947064,288,0,0.0,3,-1,-1.0,-1.0,811,35635,130570.6,608,80921,13.6,809,7913,1.67
2026-05-18 13:37:55,11948064,288,0,0.0,3,-1,-1.0,-1.0,811,35635,130570.6,607,81219,13.5,810,7877,1.66
2026-05-18 13:37:56,11949064,288,0,0.0,3,-1,-1.0,-1.0,811,35635,130570.6,607,81219,13.5,811,7840,1.65
2026-05-18 13:37:57,11950064,288,0,0.0,3,-1,-1.0,-1.0,811,35635,130570.6,608,80921,13.6,812,7803,1.64
2026-05-18 13:37:58,11951064,288,0,0.0,3,-1,-1.0,-1.0,811,35635,130570.6,608,80921,13.6,813,7766,1.63
2026-05-18 13:37:59,11952064,289,0,0.0,3,-1,-1.0,-1.0,811,35635,130570.6,608,80921,13.6,813,7766,1.63
2026-05-18 13:38:00,11953064,288,0,0.0,3,-1,-1.0,-1.0,811,35635,130570.6,608,80921,13.6,813,7766,1.63
2026-05-18 13:38:01,11954064,288,0,0.0,3,-1,-1.0,-1.0,811,35635,130570.6,608,80921,13.6,813,7766,1.63
2026-05-18 13:38:02,11955064,289,0,0.0,3,-1,-1.0,-1.0,811,35635,130570.6,608,80921,13.6,813,7766,1.63
2026-05-18 13:38:03,11956064,288,0,0.0,3,-1,-1.0,-1.0,811,35635,130570.6,608,80921,13.6,813,7766,1.63
2026-05-18 13:38:04,11957064,288,0,0.0,3,-1,-1.0,-1.0,812,35468,132335.1,608,80921,13.6,812,7803,1.64
2026-05-18 13:38:05,11958064,288,0,0.0,3,-1,-1.0,-1.0,811,35635,130570.6,608,80921,13.6,812,7803,1.64
2026-05-18 13:38:06,11959064,288,0,0.0,3,-1,-1.0,-1.0,811,35635,130570.6,608,80921,13.6,811,7840,1.65
2026-05-18 13:38:07,11960064,288,0,0.0,3,-1,-1.0,-1.0,811,35635,130570.6,608,80921,13.6,811,7840,1.65
2026-05-18 13:38:08,11961064,288,0,0.0,3,-1,-1.0,-1.0,811,35635,130570.6,608,80921,13.6,811,7840,1.65
2026-05-18 13:38:09,11962064,288,0,0.0,3,-1,-1.0,-1.0,812,35468,132335.1,608,80921,13.6,811,7840,1.65
2026-05-18 13:38:10,11963064,288,0,0.0,3,-1,-1.0,-1.0,811,35635,130570.6,608,80921,13.6,810,7877,1.66
2026-05-18 13:38:11,11964064,288,0,0.0,3,-1,-1.0,-1.0,812,35468,132335.1,608,80921,13.6,811,7840,1.65
2026-05-18 13:38:12,11965064,288,0,0.0,3,-1,-1.0,-1.0,811,35635,130570.6,608,80921,13.6,811,7840,1.65
2026-05-18 13:38:13,11966064,288,0,0.0,3,-1,-1.0,-1.0,811,35635,130570.6,608,80921,13.6,812,7803,1.64
2026-05-18 13:38:14,11967064,288,0,0.0,3,-1,-1.0,-1.0,811,35635,130570.6,608,80921,13.6,812,7803,1.64
2026-05-18 13:38:15,11968064,288,0,0.0,3,-1,-1.0,-1.0,811,35635,130570.6,608,80921,13.6,813,7766,1.63
2026-05-18 13:38:16,11969064,288,0,0.0,3,-1,-1.0,-1.0,811,35635,130570.6,608,80921,13.6,813,7766,1.63
2026-05-18 13:38:17,11970064,288,0,0.0,3,-1,-1.0,-1.0,811,35635,130570.6,608,80921,13.6,813,7766,1.63
2026-05-18 13:38:18,11971064,288,0,0.0,3,-1,-1.0,-1.0,811,35635,130570.6,608,80921,13.6,813,7766,1.63
2026-05-18 13:38:19,11972064,288,0,0.0,3,-1,-1.0,-1.0,811,35635,130570.6,608,80921,13.6,814,7730,1.62
2026-05-18 13:38:20,11973064,288,0,0.0,3,-1,-1.0,-1.0,811,35635,130570.6,608,80921,13.6,814,7730,1.62
2026-05-18 13:38:21,11974064,288,0,0.0,3,-1,-1.0,-1.0,811,35635,130570.6,608,80921,13.6,814,7730,1.62
2026-05-18 13:38:22,11975064,288,0,0.0,3,-1,-1.0,-1.0,811,35635,130570.6,608,80921,13.6,814,7730,1.62
2026-05-18 13:38:23,11976064,288,0,0.0,3,-1,-1.0,-1.0,811,35635,130570.6,608,80921,13.6,814,7730,1.62
2026-05-18 13:38:24,11977064,288,0,0.0,3,-1,-1.0,-1.0,812,35468,132335.1,608,80921,13.6,814,7730,1.62
2026-05-18 13:38:25,11978064,288,0,0.0,3,-1,-1.0,-1.0,811,35635,130570.6,608,80921,13.6,814,7730,1.62
2026-05-18 13:38:26,11979064,288,0,0.0,3,-1,-1.0,-1.0,811,35635,130570.6,608,80921,13.6,814,7730,1.62
2026-05-18 13:38:27,11980064,288,0,0.0,3,-1,-1.0,-1.0,811,35635,130570.6,608,80921,13.6,814,7730,1.62
2026-05-18 13:38:28,11981064,288,0,0.0,3,-1,-1.0,-1.0,812,35468,132335.1,608,80921,13.6,814,7730,1.62
2026-05-18 13:38:29,11982064,288,0,0.0,3,-1,-1.0,-1.0,811,35635,130570.6,608,80921,13.6,813,7766,1.63
2026-05-18 13:38:30,11983064,288,0,0.0,3,-1,-1.0,-1.0,811,35635,130570.6,608,80921,13.6,813,7766,1.63
2026-05-18 13:38:31,11984064,289,0,0.0,3,-1,-1.0,-1.0,811,35635,130570.6,608,80921,13.6,813,7766,1.63
2026-05-18 13:38:32,11985064,288,0,0.0,3,-1,-1.0,-1.0,811,35635,130570.6,608,80921,13.6,813,7766,1.63
2026-05-18 13:38:33,11986064,288,0,0.0,3,-1,-1.0,-1.0,812,35468,132335.1,608,80921,13.6,813,7766,1.63
2026-05-18 13:38:34,11987064,289,0,0.0,3,-1,-1.0,-1.0,811,35635,130570.6,607,81219,13.5,812,7803,1.64
2026-05-18 13:38:35,11988064,288,0,0.0,3,-1,-1.0,-1.0,811,35635,130570.6,607,81219,13.5,812,7803,1.64
2026-05-18 13:38:36,11989064,289,0,0.0,3,-1,-1.0,-1.0,811,35635,130570.6,607,81219,13.5,812,7803,1.64
2026-05-18 13:38:37,11990064,288,0,0.0,3,-1,-1.0,-1.0,811,35635,130570.6,607,81219,13.5,811,7840,1.65
2026-05-18 13:38:38,11991064,288,0,0.0,3,-1,-1.0,-1.0,811,35635,130570.6,607,81219,13.5,811,7840,1.65
2026-05-18 13:38:39,11992064,289,0,0.0,3,-1,-1.0,-1.0,811,35635,130570.6,607,81219,13.5,811,7840,1.65
2026-05-18 13:38:40,11993064,289,0,0.0,3,-1,-1.0,-1.0,811,35635,130570.6,606,81518,13.4,811,7840,1.65
2026-05-18 13:38:41,11994064,289,0,0.0,3,-1,-1.0,-1.0,811,35635,130570.6,606,81518,13.4,811,7840,1.65
2026-05-18 13:38:42,11995064,289,0,0.0,3,-1,-1.0,-1.0,811,35635,130570.6,606,81518,13.4,811,7840,1.65
2026-05-18 13:38:43,11996064,289,0,0.0,3,-1,-1.0,-1.0,811,35635,130570.6,606,81518,13.4,811,7840,1.65
2026-05-18 13:38:44,11997064,289,0,0.0,3,-1,-1.0,-1.0,811,35635,130570.6,606,81518,13.4,811,7840,1.65
2026-05-18 13:38:45,11998064,288,0,0.0,3,-1,-1.0,-1.0,811,35635,130570.6,606,81518,13.4,811,7840,1.65
2026-05-18 13:38:46,11999064,289,0,0.0,3,-1,-1.0,-1.0,811,35635,130570.6,606,81518,13.4,811,7840,1.65
2026-05-18 13:38:47,12000064,288,0,0.0,3,-1,-1.0,-1.0,811,35635,130570.6,606,81518,13.4,811,7840,1.65
