timestamp,latitude,longitude,altitude,temperature,humidity,pressure,uv_index,accel_x,accel_y,accel_z,gyro_x,gyro_y,gyro_z,mag_x,mag_y,mag_z
2026-08-10T10:00:00.000,38.72231523585398,-9.139351999205312,42.0,24.61256767937097,58.4702823581956,1013.0439171849076,5.304673073970652,0.0019176060475092,0.0352563611148462,0.9996639768499144,0.0,0.6,0.0,22.0,-2.8,41.0
2026-08-10T10:00:30.000,38.72228734780362,-9.13922269951134,42.02,24.65666658649402,57.94968587341838,1013.3064288733838,5.603971220045763,-0.0005191889805224,0.0447339248748871,0.98082234798342,0.10623986134026464,0.6184446784742135,0.03792351787962117,22.19559053759228,-2.804431109943735,41.08063117569103
2026-08-10T10:01:00.000,38.72240392251506,-9.13923585157459,42.04,24.55225301577985,57.49289942361426,1013.3302999217832,5.544502204655614,0.0175463595977635,0.0315604365027919,1.010646183711067,0.20803710281359228,0.6340707809848806,0.07580194686477343,22.390811397059476,-2.817712168065358,41.161178455248894
2026-08-10T10:01:30.000,38.72240827220322,-9.139179437427035,42.06,24.68456365517018,58.82092795408184,1013.2162253737114,5.5246660068591495,0.0218753470774485,0.0422531159350195,1.0225794458544175,0.30132296355652743,0.6461710388378554,0.11359025166910543,22.585293598990855,-2.839806393221927,41.24155802983369
2026-08-10T10:02:00.000,38.72241430262712,-9.139208850004152,42.08,24.536186808111303,57.99220991929539,1013.3244332537482,5.716772321952926,0.0320909036310644,0.0313506882198874,1.0023337161828143,0.3827425153692635,0.6541014448391104,0.15124350415876395,22.778669560083788,-2.8706525967004475,41.32168626510132
2026-08-10T10:02:30.000,38.72246093442983,-9.139090104618338,42.1,24.73326396403572,57.9232722005344,1013.2866034387542,5.7124318341545735,0.0569185543553574,-0.0002452450631094,0.993606575672854,0.4499299524691416,0.6573065576793197,0.18871693676937623,22.970573787898736,-2.91016535167657,41.40147978822434
2026-08-10T10:03:00.000,38.72245648136728,-9.13913253595848,42.12,24.69825291243724,58.24830357238306,1013.2281421301992,5.84803040584295,0.0246317027559656,0.0094710347292803,1.0032550613021,0.5016942910520126,0.6553416585719736,0.2259659957321244,23.160643571662437,-2.958235229799371,41.480855574640785
2026-08-10T10:03:30.000,38.72253931111657,-9.139032045214911,42.14,24.898246774413952,57.24362653272254,1013.2766167624025,5.8651617667784,0.0463297324704726,-0.0123366091340591,0.9773342557199304,0.5380987332200097,0.6478909080103107,0.2629463940456293,23.34851966781351,-3.0147291042470084,41.55973103444059
2026-08-10T10:04:00.000,38.72249402738569,-9.139009877742009,42.16,24.840236678806352,57.68054956392232,1013.295603229934,5.7938671031524684,0.0548487272507941,-0.0058081789878551,1.0091355047511483,0.5604266355917192,0.634780802956685,0.29961416413066305,23.533846978994845,-3.079490518413968,41.638024098299795
2026-08-10T10:04:30.000,38.72253690370295,-9.139020148696137,42.18,24.80113485395977,56.65488951483748,1013.3848994975306,5.733232638906683,0.0390910716253113,-0.0018768839041348,1.0089306235205988,0.5710373509745634,0.6159884140542239,0.3359257101050866,23.716275225209433,-3.152340119208821,41.71565330287303
2026-08-10T10:05:00.000,38.72263326925545,-9.138974327659042,42.2,24.834305036316643,57.13066023107973,1013.227090398684,5.620061092773967,0.0100831130198817,-0.0316045758759079,1.0079954845344687,0.5731252407170462,0.5916440816871303,0.37183785961686133,23.895459605871036,-3.233076153762518,41.79253787555554
2026-08-10T10:05:30.000,38.72258472604723,-9.138955882144396,42.22,25.131956772417045,56.910327755865,1013.437188528986,5.730490493309253,0.0160014862346021,-0.0377903755138725,0.9932193384819888,0.5704039718749494,0.5620284612800429,0.407307915173507,24.071061451498487,-3.321475028171603,41.86859781852646
2026-08-10T10:06:00.000,38.72270201540688,-9.138991089934445,42.24,25.04136433610116,57.12552114719083,1013.34673757576,5.686941950402805,0.0081379430187014,-0.0374381392576068,1.004653524227094,0.5667450137422196,0.5275640240133319,0.4422937049069793,24.242748863821806,-3.4172919267289457,41.94375399198596
2026-08-10T10:06:30.000,38.72269109260728,-9.138792580055345,42.26,24.979268289856492,56.41337412758165,1013.424663557494,5.970072030344899,0.0149780569021011,-0.0217488814460392,1.0071374211829902,0.5658034129619388,0.48880133087298827,0.4767536327136093,24.41019734309028,-3.5202614899270617,42.01792819649958
2026-08-10T10:07:00.000,38.72279316514456,-9.138900263258224,42.28,24.9580094484923,56.38060300112574,1013.3951557946192,5.763688057725156,-0.0080118971822649,-0.0410222340832279,0.9705838741099468,0.5706650758860141,0.446400597538718,0.5106467277094932,24.573090401396957,-3.6300985493563322,42.0910432543642
2026-08-10T10:07:30.000,38.722699221045936,-9.138793532262431,42.3,25.218308581762475,57.76134564957328,1013.6754332830716,6.065359561348593,-0.0434211377375951,-0.0715803940749874,1.005354229246877,0.5835478164060393,0.401109247395635,0.5439326929425298,24.73112016086018,-3.746498917462866,42.163023089910844
2026-08-10T10:08:00.000,38.72273935294523,-9.138798601023584,42.32,25.03919660290216,56.612017601074136,1013.5435485484966,6.0596435001687015,-0.0402196473209767,-0.0554665973241773,0.9665063411059128,0.6055835167551139,0.35373630304602893,0.5765719533031936,24.883987935531724,-3.8691402299788042,42.23379280866082
2026-08-10T10:08:30.000,38.72278568460454,-9.138749405343438,42.34,25.43441354300912,56.66734913347823,1013.5527947809758,5.993953062157106,-0.0625236244076845,-0.053148679136664,0.9854954787092848,0.6367013453463425,0.3051245872333353,0.6085257025770762,25.03140479593155,-3.9976828386920222,42.303278775252885
2026-08-10T10:09:00.000,38.72294642348662,-9.1387569418205,42.36,25.33298914474517,56.07093537764979,1013.5645641118012,6.159216597957179,-0.0512260743481262,-0.0364817745453973,0.986904246091412,0.6756227542898675,0.2561217874534354,0.6397559495832577,25.17309211514228,-4.13177075208273,42.37140869006029
2026-08-10T10:09:30.000,38.72289230361008,-9.138708066377356,42.38,25.06113282393737,55.80402770871553,1013.5196626369768,6.370821834715123,-0.0475647652451673,-0.0334182833682249,1.0057165227920508,0.7199687802091251,0.20755148152601888,0.6702255633436475,25.30878209543116,-4.271032621221953,42.438111664417995
2026-08-10T10:10:00.000,38.72296530008708,-9.13864409632964,42.4,25.22084626268571,56.91717087104918,1013.5559256621078,6.396655691959356,-0.0451976971748283,-0.0445127803103519,0.9726368160150868,0.7664699248392064,0.16018522238502317,0.6998983172295952,25.438218274404235,-4.415082768201486,42.50331829438177
2026-08-10T10:10:30.000,38.72301254639661,-9.138538948893128,42.42,25.2928104584105,56.09391730215475,1013.6542599806072,6.032411888552401,-0.056367629955667,-0.0099605309332923,0.9921078975428084,0.8112595305035061,0.11471673928609684,0.7287389320332798,25.561156009736017,-4.563522254247157,42.566960732942505
2026-08-10T10:11:00.000,38.72295974390666,-9.138603704302897,42.44,25.407356535398872,56.91121257601377,1013.5602578105952,6.327070692764932,-0.0660295977939849,-0.0130240908280885,0.9831353945941426,0.8502239430832016,0.07173923109583537,0.7567131179126718,25.67736294155849,-4.715939984557303,42.62897276062052
2026-08-10T10:11:30.000,38.722929059346974,-9.138610187626158,42.46,25.343300644112123,56.58788151218612,1013.4625110241856,6.266912839342488,-0.0326764953749666,-0.0094011974928316,1.020055156506092,0.8793775662120489,0.03172660844834718,0.7837876151601944,25.786619431635536,-4.871913846806687,42.68928985436641
2026-08-10T10:12:00.000,38.723046905771845,-9.13847052026823,42.48,25.406646778427188,55.7049369826214,1013.5662675633092,6.330350449059503,-0.0113221745331406,-0.0127658617459226,1.0018097956325576,0.8952286280757134,-0.004980610113283976,0.8099302337466133,25.888718978492683,-5.031011880162824,42.74784925469679
2026-08-10T10:12:30.000,38.7230614114165,-9.138383003219468,42.5,25.747445421190083,55.54980550691497,1013.5766794000306,6.105929525418178,-0.0105195660368301,0.0160805624723841,1.0241170724177646,0.8951023144373897,-0.0381842215362212,0.8351098915931428,25.983468607717583,-5.192793471577194,42.804590030995115
2026-08-10T10:13:00.000,38.72304354580811,-9.138513461653073,42.52,25.17960217103988,55.81917520620851,1013.5301082686652,6.27730443897412,-0.002396912268123,0.0173267285382267,0.9648454321728672,0.8773917925934622,-0.0678317534944157,0.8592966515262586,26.07068923669348,-5.356810576038278,42.85945314490948
2026-08-10T10:13:30.000,38.72303664773773,-9.138346573934308,42.54,25.34402780441791,55.27677954021653,1013.7774209977867,6.823552185801786,0.0049287042566507,0.0198639806858849,1.0068311110188102,0.841714208207818,-0.09401425503959016,0.8824617568712864,26.15021601307636,-5.522608957407,42.9123815117816
2026-08-10T10:14:00.000,38.72322643488221,-9.13847507933914,42.56,25.535452333678748,56.13910938525087,1013.6805484356496,6.362230332902255,0.0308419854681988,0.0103991980148602,0.9952365251205066,0.7889573829220475,-0.11695856193600584,0.9045776656424437,26.221898626376003,-5.68972944639815,42.96332006004295
2026-08-10T10:14:30.000,38.72315668062549,-9.138387259903352,42.58,25.52369329564297,55.91210298941599,1013.7420139990784,6.472612347357949,0.0464303900765633,0.0362181108913207,1.0000016878618283,0.7212128874935274,-0.1370143477857091,0.9256180832886862,26.28560159205205,-5.857709212223872,43.01221578851638
2026-08-10T10:15:00.000,38.72316392209832,-9.138356620582313,42.6,25.62678181878696,56.64945646144429,1013.80202268001,6.537594454238802,0.0354541406933154,0.0217206393862633,1.0238228590617773,0.6416015066273563,-0.15463647191472937,0.9455579939564256,26.341204507588078,-6.026083044377478,43.05901782156336
2026-08-10T10:15:30.000,38.72324313746125,-9.138322473055643,42.62,25.413692036993915,55.99379597998378,1013.7275910708892,6.343340510622413,0.0426570668438095,0.0438174419462764,1.0010493359671249,0.55400690533687,-0.17036331522126355,0.9643736902319489,26.38860228005977,-6.19438464100777,43.10367746201974
2026-08-10T10:16:00.000,38.72324539144071,-9.13832616042422,42.64,25.67119991015354,55.53424850139473,1013.8239632028408,6.1548549629926805,0.0459151583635238,0.0423750830709144,1.005919879793742,0.4627416601981012,-0.18479194887717182,0.9820428013281784,26.42770532476699,-6.362147900315762,43.14614824186481
2026-08-10T10:16:30.000,38.72327140427093,-9.13838381132875,42.66,25.791412764026195,56.2502389624288,1013.5984622342064,6.699130432663447,0.0412023321651236,0.0370894384909084,0.978942029785921,0.3721759710949053,-0.19855110203436666,0.9985443196822583,26.458439734554354,-6.528908211397384,43.18638597057086
2026-08-10T10:17:00.000,38.72330327719138,-9.13820645803299,42.68,25.862418014592706,56.182042205735165,1013.8302099673848,6.6648685895138495,0.0660833735236914,0.0413607969950675,1.0165597635359411,0.2863627594162163,-0.21227297887116345,1.0138586259323452,26.480747419500304,-6.694203740957227,43.22434878108317
2026-08-10T10:17:30.000,38.72333517145232,-9.138244125894987,42.7,25.7027909591112,55.74074648786257,1013.656514844516,6.74554738156756,0.0283764318251322,0.0477247965757419,1.0150173797746251,0.20869317827357234,-0.2265650191947275,1.0279675122439083,26.49458621671063,-6.857576712329862,43.2599971733823
2026-08-10T10:18:00.000,38.72347103230789,-9.138187427129091,42.72,25.60355111063065,55.143311046575725,1013.6716946189372,6.579375073285078,0.0432743507612386,0.0338970597447556,0.986021391428425,0.14161378008820413,-0.24198269871346045,1.040854203957804,26.49992997000892,-7.018574673266546,43.29329405558361
2026-08-10T10:18:30.000,38.72335931413167,-9.138199370789891,42.74,25.68838299244718,54.7728348142905,1013.8050036608246,6.85906220603504,0.0178258963523882,-0.0168274495259958,1.0060873345806052,0.08643096025758867,-0.2590044249357092,1.052503379534385,26.496768579373338,-7.176751748976263,43.32420478253105
2026-08-10T10:19:00.000,38.72344360167866,-9.138157902099984,42.76,26.14435516628341,54.00920633680386,1013.7472517073174,6.802769051019911,-0.0274814720148996,0.0321896294240928,1.0073671322540132,0.043220335336505794,-0.27800950397863033,1.0629011887699362,26.48510802002629,-7.331669876950856,43.35269719184521
2026-08-10T10:19:30.000,38.72351232919929,-9.138185284273703,42.78,26.05458153362313,55.50830374931432,1013.8275744055134,6.777373575373882,-0.0119208110918877,-0.0107919621485847,0.9970494263951928,0.010849145693721876,-0.2992600354762972,1.0720352692637751,26.464970331140883,-7.482900020154494,43.378741637388046
2026-08-10T10:20:00.000,38.72349237387337,-9.138116272424831,42.8,26.112610336970505,54.37888294366211,1013.81325247776,6.992218103269429,-0.0383548789766569,-0.0181537516116993,1.0040461238366238,-0.012890532086619,-0.3228874417864705,1.0798947611164387,26.436393574185548,-7.630023355217585,43.40231102010942
2026-08-10T10:20:30.000,38.72357221925952,-9.138114150909338,42.82,26.19161700536069,55.27148981633427,1013.9048104597751,6.880602990237682,-0.0018201250150484,-0.016643619772344,0.9599295541586698,-0.031050079635878868,-0.34888415959886204,1.0864703198414831,26.399431760985507,-7.772632432344537,43.4233808162435
2026-08-10T10:21:00.000,38.72364021271808,-9.138117472576006,42.84,26.037597900536603,55.43368690624181,1013.7233961427912,6.636917085735403,-0.0680039570553663,-0.0326835905150487,1.0087927321203398,-0.047215433067650275,-0.37710082367128894,1.0917541274755442,26.354154751637125,-7.91033230372302,43.44192910282554
2026-08-10T10:21:30.000,38.72361620939213,-9.13806123452872,42.86,25.838140934863343,53.56057331033205,1013.8699354369932,6.780762891821249,-0.0416091068202847,-0.0166194974994814,1.0027648286411737,-0.06514931289745857,-0.40724906136816014,1.0957399018734482,26.300648122468026,-8.04274161730971,43.45793658050255
2026-08-10T10:22:00.000,38.72365800665427,-9.138044653191766,42.88,26.15769310581917,54.300914167312726,1013.8651244845032,6.907590958099634,-0.0376915831962738,-0.0383498381458348,1.0104233451146425,-0.08841737337891963,-0.4389098010385947,1.0984229041773244,26.23901300429258,-8.169493672963313,43.471386593614135
2026-08-10T10:22:30.000,38.7236367080604,-9.138043670631156,42.9,26.230217139665776,53.59527601435625,1013.789575689351,6.681965815662459,-0.0833946416732876,-0.0466191770777147,1.0149886779945547,-0.12003252221949776,-0.4715467853152131,1.099799944450835,26.169365891268473,-8.290237437999952,43.482265147522604
2026-08-10T10:23:00.000,38.723665755796674,-9.138010207067198,42.92,26.29624696644299,55.19515136573824,1013.9014541931108,7.133218219758381,-0.0423907088579097,-0.0515547182135784,0.9881119929560253,-0.16215000457413123,-0.5045247802645194,1.0998693854718273,26.09183842071557,-8.404638519358446,43.49056092317426
2026-08-10T10:23:30.000,38.72363597317437,-9.138047438337557,42.94,26.1056971223044,54.87356641218348,1014.0582281016704,6.748401322515448,-0.0305408367674597,-0.0555958807687712,1.009493941769264,-0.2158412168959704,-0.5371317906485833,1.0986311446788979,26.006577124313306,-8.512380089683052,43.496265288876785
2026-08-10T10:24:00.000,38.72373344566746,-9.138078152461578,42.96,26.32463091108208,54.11071918909802,1013.8913231963436,6.820469357287359,-0.036642895050335,-0.0329691576213413,0.996215113181272,-0.2809670384281542,-0.5686044372919448,1.0960866942695526,25.913743151146843,-8.61316376475901,43.49937230928048
2026-08-10T10:24:30.000,38.72378643310011,-9.137952735165364,42.98,26.40891521033918,54.1842684179195,1013.8292405987931,7.165868741037369,-0.0205282903305151,-0.0204981642155294,1.0076675422636494,-0.3561623949586845,-0.5981555306018336,1.0922390594498486,25.81351196312535,-8.706710429870823,43.49987875155394
2026-08-10T10:25:00.000,38.72379344312349,-9.137938272903751,43.0,26.52833190227631,55.33760599854669,1013.9661769456332,7.054310735243234,0.0128275074944357,-0.0462477766545683,1.0066614074523652,-0.43893362776666933,-0.6250027893400244,1.0870928148375962,25.70607300334828,-8.792761012794752,43.49778408874778
2026-08-10T10:25:30.000,38.7238287068576,-9.137925560547032,43.02,26.134964990900333,53.44881422764406,1013.807906164289,6.886809107177511,0.0022498274574667,-0.0329684998808194,1.0387446232485904,-0.5258599546750935,-0.6483976090492042,1.0806540790234016,25.591629338046236,-8.871077201284761,43.49309050034292
2026-08-10T10:26:00.000,38.72391529966849,-9.137975575729673,43.04,26.33583508085583,53.98558451725564,1013.9639932204136,7.105982247391258,0.0302959185959629,-0.0275282475553493,1.0212770306546872,-0.6128808171625937,-0.6676527818113209,1.0729305072960107,25.470397272773347,-8.941442103064867,43.48580286998288
2026-08-10T10:26:30.000,38.72383290308869,-9.137914047201106,43.06,26.69644874352792,54.247247720139775,1014.114274049386,7.1153045753928765,0.0402922058158588,-0.0162652755467635,0.996591848376716,-0.6956430726816121,-0.6821681083672871,1.0639312825406093,25.342605943576494,-9.003660846500091,43.475928780392344
2026-08-10T10:27:00.000,38.72388102588016,-9.137880426303102,43.08,26.20158870567433,54.4161580700193,1014.0991894721018,7.179570344544654,0.0358954903242456,-0.0009637125685829,0.9938265388890718,-0.7698765286926932,-0.6914529235514291,1.0536671043208985,25.208496883914094,-9.05756112028248,43.46347850548744
2026-08-10T10:27:30.000,38.72399677735627,-9.137981779263,43.1,26.300895061359576,53.03670498619329,1013.9053843376016,7.3517995418143345,0.0597268968700066,-0.0106151755797498,0.969949930879182,-0.8317637223013781,-0.6951446734301178,1.042150176157923,25.068323568143057,-9.10299365063758,43.44846499968576
2026-08-10T10:28:00.000,38.7238317735581,-9.13790634748638,43.12,26.735603338900354,54.199400817259765,1013.9927172105253,7.2392219457349585,0.0261159924898268,0.0036603441122854,1.0019895494603148,-0.8782703630914175,-0.6930228329845275,1.0293941910207847,24.92235093243667,-9.139832614729752,43.43090388442742
2026-08-10T10:28:30.000,38.72400569496741,-9.137829297771326,43.14,26.44492378669032,54.26708548510712,1013.9947761452058,7.325976801891499,0.074116109270998,0.0011873918591444,0.9822460868857088,-0.9074064300364908,-0.6850176308795283,1.015414315046484,24.770854874038974,-9.167975989121425,43.410813431921056
2026-08-10T10:29:00.000,38.72410678921681,-9.13786877736072,43.16,26.62386028433149,53.66374813223764,1014.178479721564,7.232471638611134,0.0506181851260745,0.0462023555157675,0.9927645904511164,-0.9183942206869484,-0.6712132460071892,1.0002271695082499,24.61412172980202,-9.18734583232128,43.388214546131714
2026-08-10T10:29:30.000,38.7240229438952,-9.137872721927632,43.18,26.500564766713183,53.055372988879206,1014.1251691977196,7.1529719675804015,0.0581182780837381,-0.0070966054138735,0.9842686844979166,-0.9117281174735585,-0.6518453514934802,0.9838508110537975,24.452447734991654,-9.19788850063881,43.36313074103046
2026-08-10T10:30:00.000,38.72401567659244,-9.137883404621274,43.2,26.48865326153715,53.70303176323564,1014.0658601825144,7.230538477798269,0.035565215617155,0.018626117720153,1.014136992817981,-0.8891206904821666,-0.627293097627213,0.9663047102370047,24.28613846338467,-9.199574796747502,43.33558811612825
2026-08-10T10:30:30.000,38.72416313329852,-9.137815360606172,43.22,26.55312698772633,53.89641531000381,1014.2607566587014,7.261565387879934,0.0174998601538083,0.0260424320576248,0.9793547465884432,-0.8533401004979632,-0.5980658374448671,0.9476097283685391,24.1155082497156,-9.1924000505452,43.305615329319586
2026-08-10T10:31:00.000,38.724097776410616,-9.13787229534218,43.24,26.476537403980014,53.87209613395123,1014.1137222626348,7.179592504586358,0.0238261425571892,0.0505388821756687,0.9968070338515596,-0.8079536579181891,-0.5647850993515044,0.9277880927129502,23.940879595564777,-9.176384132087676,43.273243567064206
2026-08-10T10:31:30.000,38.72415735419277,-9.137794404008975,43.26,26.532171101754287,52.93882024232239,1014.1157304529625,7.353096743597218,-0.0155966394332583,0.0428250343126018,0.9709035502948442,-0.7570009309601348,-0.5281624924898167,0.9068633700617232,23.762582559810546,-9.151571396559643,43.238506511937786
2026-08-10T10:32:00.000,38.724286809305,-9.137754127766987,43.28,26.48227061304375,53.803751069869406,1013.9397691609056,7.159278507065923,-0.0188018496355352,0.0228313073064945,1.0142879296526133,-0.7046262025041393,-0.488974385640022,0.8848604387137133,23.580954134797725,-9.118030561435553,43.201440307585486
2026-08-10T10:32:30.000,38.724349864826536,-9.137870788413403,43.3,26.410034052940077,53.70010419034645,1014.272700543719,7.167880019696387,-0.0220585505063013,0.0636173540202044,0.9669648170364148,-0.6547037652415688,-0.44803432330270676,0.8618054588962678,23.396337609401353,-9.075854516170434,43.16208352111475
2026-08-10T10:33:00.000,38.72421594653966,-9.137829305224422,43.32,26.47239772719959,53.95026384356965,1014.1742448945064,7.1030592143386,-0.0278581110749439,0.0235722749952832,1.0254889443388249,-0.6104901833406998,-0.4061642285786809,0.8377258416622128,23.209081920189686,-9.025160064947762,43.12047710296655
2026-08-10T10:33:30.000,38.72427862062317,-9.137836859573047,43.34,26.6458103283889,53.88824739371048,1014.2017117280416,7.134088852407542,-0.0351011570414715,0.0113731025670227,1.0047055222317651,-0.5743351774939603,-0.364165488222722,0.8126502162996802,23.01954099191261,-8.966087603196852,43.0766643443067
2026-08-10T10:34:00.000,38.72426881327823,-9.13778035484331,43.36,26.457122841750788,52.82953586688284,1014.233770137601,7.440353453521904,-0.0572795266148713,0.0422358424334419,0.9911869515686051,-0.5474774342569948,-0.32279101906046154,0.7866083962935184,22.82807306856217,-8.898800728775619,43.03069083198178
2026-08-10T10:34:30.000,38.7243716053837,-9.137787606811424,43.38,26.497947917433628,53.67174844539736,1014.1446364848196,7.359088684922267,-0.0295396839709107,-0.0023761956697246,0.95174439338141,-0.5299438881859988,-0.2827193766759165,0.7596313438787643,22.6350400362694,-8.823485788895521,42.98260440108634
2026-08-10T10:35:00.000,38.72448054684975,-9.137672707809829,43.4,26.542201361046036,52.43435608342113,1014.1729678348112,7.394174022361184,-0.0516301578887417,-0.0112313319005143,1.0115912228495296,-0.5205615829567338,-0.24453188837076803,0.731751133228318,22.440806739317356,-8.740351364043441,42.93245508519083
2026-08-10T10:35:30.000,38.72445622536876,-9.137874756836336,43.42,26.719270019195005,54.396989377093554,1014.221901354572,7.402323244178731,-0.0466803402123554,0.0067171825875651,0.9653865678898556,-0.5170809459333077,-0.20869367589156063,0.7030009123185817,22.24574029056297,-8.649627690329773,42.880295064282095
2026-08-10T10:36:00.000,38.72446821953515,-9.137820162792911,43.44,26.90226406714749,53.2527182032614,1014.3517559914054,7.302713246526775,-0.0287404748365419,-0.0056016902916818,0.9826190550427044,-0.5163991456514706,-0.17553928378461467,0.6734148635184133,22.05020937757125,-8.551566021862469,42.826178610470414
2026-08-10T10:36:30.000,38.72449886980573,-9.13774135708811,43.46,26.586518875481964,52.46427539838778,1014.2269412997296,7.347797365117067,-0.033348909278051,-0.0190832122017674,0.9658869556796896,-0.514863069766688,-0.14526345220711015,0.6430281629482444,21.85458356577312,-8.446437934912932,42.770162031519845
2026-08-10T10:37:00.000,38.72443921708303,-9.137779962853717,43.48,26.56597134797113,51.99963938118205,1014.3009945150872,7.538433392848463,-0.0278321532840278,-0.0443665524840624,1.016716157926287,-0.5086241944230543,-0.11791737538291594,0.6118769386576826,21.659232599964078,-8.334534575800816,42.71230361226039
2026-08-10T10:37:30.000,38.72456746753112,-9.13768775794924,43.5,26.715990097335062,53.44892847385307,1014.2345512063304,7.634038619674235,0.0044067006737798,-0.0116116413858749,0.9895735416272544,-0.4940128769720648,-0.09341057621920243,0.5799982276713279,21.46452570546384,-8.216165854580687,42.65266355394307
2026-08-10T10:38:00.000,38.724558229626346,-9.137834402398685,43.52,26.7794530175278,53.97864747818395,1014.2207329167744,7.461274399914035,0.0122050188411946,-0.0386359018206367,1.019041073062798,-0.46789782442399575,-0.07151831197004131,0.5474299319538671,21.270830890257777,-8.091659586763559,42.59130391160096
2026-08-10T10:38:30.000,38.72449741113547,-9.137856077220592,43.54,26.5506269558804,52.04499072590987,1014.1897185732907,7.400705982965698,0.0164747965445364,-0.0214236283005832,0.995098786976186,-0.42799783217000015,-0.051894213511121834,0.5142107733468043,21.07851424943928,-7.961360585450294,42.52828852948142
2026-08-10T10:39:00.000,38.72458845931398,-9.137822617853988,43.56,26.831805424845086,52.69422966485658,1014.2031664639036,7.634268333019031,0.026953951750018,-0.0300548346467104,0.999727064164094,-0.37311722911535344,-0.034087659913648365,0.4803802475304074,20.887939273267516,-7.825629706391127,42.46368297461663
2026-08-10T10:39:30.000,38.7247050831824,-9.13787728313894,43.58,26.6783378598366,53.05524265082277,1014.1877758617092,7.327985573177655,0.0494663793280376,-0.0450949900882012,0.9795543943670534,-0.30328341082360905,-0.01756520827473701,0.4459785770656002,20.699466160148532,-7.6848428486159825,42.397554468601555
2026-08-10T10:40:00.000,38.72469519105315,-9.137775615500434,43.6,26.343040365401,52.391991148231774,1014.2200813648986,7.793217213824453,0.0498860672801708,-0.0267966206060169,0.9771967816174754,-0.21977375871110194,-0.001735243141743952,0.4110466635716374,20.51345113583816,-7.539389913403254,42.32997181765043
2026-08-10T10:40:30.000,38.72467402320624,-9.137816837867843,43.62,26.698170332517773,53.395752620298765,1014.2875928240204,7.6268041737930945,0.0516480418518326,-0.0235883887782155,1.016140165638889,-0.1250293182597409,0.01402511367645249,0.3756260390964205,20.33024578015345,-7.389673724470169,42.261005341004356
2026-08-10T10:41:00.000,38.72467900640028,-9.137959525430762,43.64,26.843245374892152,53.69767361514184,1014.2294786047552,7.316656033907349,0.0513270120290479,-0.0168353450264249,1.0359518904486862,-0.02246292456652974,0.03034187885186991,0.33975881673726377,20.150196362465255,-7.236108912375182,42.1907267977647
2026-08-10T10:41:30.000,38.7248158148786,-9.137874398708473,43.66,26.5618434210999,53.09332459298893,1014.295535601468,7.45342389145836,0.0780391561854928,0.0016644046212265,1.0227209736711085,0.08382092066104552,0.04781596137284656,0.30348764057083133,19.97364318722783,-7.079120766221966,42.119209312228264
2026-08-10T10:42:00.000,38.7247739574801,-9.13782242592756,43.68,26.793860556252447,53.29402416215973,1014.4276234146356,7.7105441042415395,0.0529329954713678,-0.0088735492458713,1.006815828160042,0.18936907656315954,0.06699589168933491,0.2668556349517691,19.800919950782532,-6.919144055845187,42.04652729780203
2026-08-10T10:42:30.000,38.72476081944351,-9.137871068385495,43.7,26.615864817508104,52.41935192264021,1014.4701927452612,7.8836414511647295,0.0541450916690742,-0.0071783322692257,1.027012502419053,0.28975461939454644,0.08835258596214124,0.22990635324031047,19.63235311065126,-6.756621827739923,41.97275637957652
2026-08-10T10:43:00.000,38.72488060265903,-9.137875885672685,43.72,26.53592290309194,53.245661497676295,1014.348298069838,7.437445268601706,0.0228139934774608,-0.0043430712471257,1.035951223332893,0.3809495511515831,0.11225712712136915,0.19268372601982214,19.468261268511664,-6.592004178069317,41.89797331563851
2026-08-10T10:43:30.000,38.72495471066642,-9.137896927591994,43.74,26.737184468405975,53.05854123386416,1014.3348751922042,7.47852513763883,0.0096751280373752,-0.0063537298526487,0.9749936892215372,0.45966157839062627,0.13896242867748881,0.15523200886585395,19.30895456802045,-6.425747006148602,41.82225591720479
2026-08-10T10:44:00.000,38.72496556109073,-9.137890103522532,43.76,26.431055799986098,52.96574066157716,1014.438225678952,7.807312199854746,0.0149449871787583,0.0132134483002916,0.983099093440617,0.5236044507361268,0.16858949823050517,0.1175957297287869,19.15473410862279,-6.2583107518575956,41.74568296766018
2026-08-10T10:44:30.000,38.72491581505863,-9.137905289957937,43.78,26.75442254400749,53.66277780550295,1014.4538481730616,7.63562526852354,-0.0314616087363796,0.0151316491563731,1.0043446238962106,0.5716773995104177,0.20111884109948847,0.07981963599264745,19.005891376455907,-6.090159120478385,41.668334140584
2026-08-10T10:45:00.000,38.72498989583772,-9.137964948565166,43.8,26.73320543689547,52.76054619627442,1014.3227025856309,7.708698262249203,-0.0303886143249635,0.0300742341644384,1.0054640804570425,0.6040374957351149,0.23638734721214572,0.04194864127302792,18.862707693422365,-5.921757798489632,41.59028991685033
2026-08-10T10:45:30.000,38.72497302854994,-9.137974323098474,43.82,26.907955741438204,52.42628350552615,1014.2105303169872,7.388712632988236,-0.0339677739142648,0.0323178579821674,0.9976477828914976,0.6220584990615861,0.27409079391373486,0.00402777201736252,18.725453685474417,-5.7535731638740835,41.51163150088825
2026-08-10T10:46:00.000,38.72512070949144,-9.138098776456784,43.84,26.747971063678097,53.78422738025529,1014.2963706611472,7.616514374610739,-0.0536043989671878,0.0226104162042278,0.9934747598995392,0.6281801063213241,0.3137918817440904,-0.03389788602894278,18.594388771114325,-5.586070994511013,41.43244073618925
2026-08-10T10:46:30.000,38.725161374264175,-9.1378887982598,43.86,26.633758402905585,53.953611286085454,1014.39598428717,7.941520526532858,-0.04898640274292,0.0407267551082541,1.0073094894528567,0.6256614883950811,0.35493350775511284,-0.07178324142688229,18.46976067107746,-5.419715178230582,41.352800020149665
2026-08-10T10:47:00.000,38.72527894268397,-9.13795428766864,43.88,26.57290589838548,53.48454157030928,1014.3705501873056,7.609470262949844,-0.0362750810005881,0.0404171780800556,1.005571518290236,0.6182617175804817,0.3968567797432202,-0.10958325065499634,18.351804940124918,-5.254966428102612,41.27279221833685
2026-08-10T10:47:30.000,38.72515069926109,-9.137996850648284,43.9,26.73686644443711,52.03190946983292,1014.4589938060892,7.539579134975537,-0.0707529715148123,0.0386720160695865,1.0016796200662892,0.6098763406093779,0.4388230925642111,-0.1472529716635415,18.24074452183055,-5.092281006517676,41.192500578268145
2026-08-10T10:48:00.000,38.725145324691766,-9.137989591262668,43.92,26.465202899307105,52.7986601104062,1014.3648608809629,7.683325619954885,-0.0410959538306226,0.0224504196235216,1.0144856535491245,0.6041633387191623,0.48003943146643835,-0.18474761730801675,18.136789327203907,-4.9321094615940755,41.112008642792446
2026-08-10T10:48:30.000,38.725213150118414,-9.138143829789492,43.94,26.36543188438278,52.999099651469365,1014.3997669275174,7.677713948804135,-0.0390438647445917,0.0374750905472712,1.018952992196966,0.6041926725214909,0.5196859431114058,-0.22202260859852024,18.040135837945567,-4.774895379410192,41.031400163164534
2026-08-10T10:49:00.000,38.72518444475495,-9.1381265383153,43.96,26.487199675668265,53.15423234051661,1014.5226433812178,7.6309202087035,-0.067093374155651,0.0036955508866642,0.9833392655440798,0.6121514487529822,0.5569447274133356,-0.25903362770161836,17.95096673508464,-4.621074155517819,40.950759011902505
2026-08-10T10:49:30.000,38.72524211355562,-9.138107674825635,43.98,26.64825195637917,52.85980169231918,1014.5124069390577,7.596093023797291,-0.0316080071313388,0.0304360055503843,0.9692871586014776,0.6291316652972114,0.5910287558778184,-0.2957366706317141,17.869450553700425,-4.47107178913867,40.870169095519046
2026-08-10T10:50:00.000,38.72531948458526,-9.13810204225528,44.0,26.610906714713387,53.81709826481581,1014.3839034095388,8.007894733390394,-0.0099990592433101,-0.0028319642020177,1.0013983916198963,0.6550199531945426,0.6212098165752353,-0.3320880995692728,17.795741364380724,-4.325303703383522,40.78971426721733
2026-08-10T10:50:30.000,38.72527618773999,-9.138165261254706,44.02,26.68243127129801,53.30941908812717,1014.3889340640992,7.847794740124321,0.0232121286390352,0.0302874610598598,1.0105882681425145,0.6884994266646294,0.6468444224620347,-0.3680446947436937,17.72997848201902,-4.184173594761297,40.709478239642394
2026-08-10T10:51:00.000,38.7254281714356,-9.138242795834422,44.04,26.56434172414707,52.60817331957595,1014.4530794784434,7.614279921053504,0.0154605500718624,0.029046656936328,0.9966056040715924,0.727163522713196,0.6673966970629823,-0.40356370581914375,17.67228620250074,-4.0480723151642914,40.629544497778774
2026-08-10T10:51:30.000,38.725410689615856,-9.138182020322434,44.06,26.61183795803688,53.05610947224606,1014.4840469634496,7.874586070680019,0.0536510076284374,-0.0025030189723518,1.011790937720712,0.7677314929368351,0.6824573665902656,-0.4386029027222667,17.622773567776413,-3.917376789425863,40.54999621208498
2026-08-10T10:52:00.000,38.72536245677454,-9.13819700943679,44.08,26.729283288233777,53.49888474229292,1014.469554419666,7.832021020626504,0.0454894231588874,0.0031808608403841,1.0057871831391425,0.8063459329792564,0.6917581359939396,-0.4731206258513218,17.58153415976569,-3.7924489714483305,40.47091615195527
2026-08-10T10:52:30.000,38.72543221508422,-9.138198579114547,44.1,26.13571930756902,53.27151313382284,1014.165001497688,7.439293924159837,0.0517216668447381,-0.0147462303499688,0.9767514243972014,0.8389252452101504,0.6951809025274278,-0.5070758356070715,17.548645923481754,-3.673634841791997,40.39238659959873
2026-08-10T10:53:00.000,38.72544439489791,-9.138170135302817,44.12,26.48908650617126,54.21706687989116,1014.4607734340264,7.757250188113247,0.0732209981326749,-0.0261557515557141,0.979953120386184,0.8615389102058459,0.6927614574260474,-0.5404281611865173,17.524171019710494,-3.5612634495014728,40.31448926442521
2026-08-10T10:53:30.000,38.72550451362741,-9.138264258159698,44.14,26.342680808060084,52.98458944600908,1014.4054071360544,7.832409987813382,0.05046521885222,-0.0374539805855545,0.9978763613875484,0.8707713500486253,0.6846875366884184,-0.5731379485814748,17.50815570752276,-3.4556460008228624,40.23730519802737
2026-08-10T10:54:00.000,38.72555115610091,-9.138255964519187,44.16,26.38245944639802,52.60996802929839,1014.5568147024068,7.629098134033864,0.026566165031272,-0.0303216803558183,1.0092673961206535,0.8640411921006035,0.6712912976599942,-0.6051663077249251,17.500630256841916,-3.357074997335589,40.16091470984703
2026-08-10T10:54:30.000,38.72549346423713,-9.138300159072193,44.18,26.627106114728846,53.337563970236566,1014.5224585542496,7.476982083277019,0.047684013271119,-0.0438107631437877,0.9903441968255072,0.8398467923678352,0.6530365108810449,-0.6364751587290792,17.5016088912318,-3.265823425885724,40.08539728361382
2026-08-10T10:55:00.000,38.72564352778047,-9.138262985423532,44.2,26.769609847206556,53.828730666965455,1014.4663822395996,7.736686485322127,0.0464643446595185,-0.0381807638162935,1.002615283758231,0.797915583826534,0.6305009583272914,-0.6670272771601866,17.511089761013327,-3.182144002564286,40.01083149464301
2026-08-10T10:55:30.000,38.72567118765659,-9.138365704833562,44.22,26.37408569771048,52.98638745220557,1014.5289355016222,7.679866606978696,0.0301349739496458,-0.0290795994232274,0.992503170742048,0.7392435660959056,0.6043547120144568,-0.6967863382962608,17.529054946760496,-3.1062684728242576,39.937294928078394
2026-08-10T10:56:00.000,38.72569781240818,-9.138370052948334,44.24,26.28062549689224,53.93840870817129,1014.4410250694846,7.426276635937346,-0.002130366228401,-0.0520187994314492,1.001043466373151,0.6660212512365947,0.5753351239540361,-0.7257169603150957,17.555470493169203,-3.0384069696745843,39.864864098165604
2026-08-10T10:56:30.000,38.72567630747472,-9.138432540914598,44.26,26.540521627487337,53.41215482978941,1014.509030289348,7.73062385603679,0.0104585940638936,-0.0644315184613612,0.9927112349547108,0.5814527151832336,0.5442194836221134,-0.7537847463612284,17.590286473234848,-2.9787474317286424,39.79361436863959
2026-08-10T10:57:00.000,38.72561098949677,-9.138441037231306,44.28,26.427946453722264,53.791265698957766,1014.5812184390531,7.6936610966376415,-0.0186931981702933,-0.0203357783598768,0.9894416472535136,0.4894841336849195,0.5117963876419334,-0.7809563254418354,17.633437082617448,-2.927455082718829,39.72361987430918
2026-08-10T10:57:30.000,38.72574993036743,-9.13842109759459,44.3,26.32541321470728,53.69893556880794,1014.5426600577354,7.513609318278338,-0.0082881240410795,-0.0108348256327633,1.0020385177474531,0.3944664190909075,0.4788369148939094,-0.8071993921029345,17.684840764015878,-2.884671973918726,39.654953443920434
2026-08-10T10:58:00.000,38.7257418838271,-9.138541338554132,44.32,26.308235964037223,53.5962967781412,1014.4140768749568,7.715527697802087,-0.0518080271438242,-0.017224780502437,1.00219295509148,0.30078256929119157,0.4460667068975971,-0.8324827448387211,17.74440036131616,-2.850516590740102,39.58768652437883
2026-08-10T10:58:30.000,38.72593225650725,-9.138595613725045,44.34,26.58886956180549,53.4301226319743,1014.5252779396984,7.66021697494026,-0.0347328731509337,-0.0087547951383978,1.0290810036291491,0.21247354636053997,0.4141400178075445,-0.8567763231883773,17.812003303222504,-2.825083524594229,39.52188910640933
2026-08-10T10:59:00.000,38.72581717644279,-9.138498887739878,44.36,26.249976809136843,53.35656757222588,1014.4082825475824,7.702775191151324,-0.0253746810632496,0.000361493845478,0.9960622860259218,0.1328966278412793,0.38361672209230785,-0.8800512434762384,17.88752181602397,-2.808443210926294,39.45762965173152
2026-08-10T10:59:30.000,38.72581426915185,-9.13859608326684,44.38,26.085666798545297,52.96302801687855,1014.5136356099156,7.823925255671377,-0.0076357637340302,0.0006337445619573,1.0287060031329087,0.06444720675956858,0.354943153849027,-0.9022798331528346,17.970813165094608,-2.800641734148396,39.39497502182573
2026-08-10T11:00:00.000,38.72591218762402,-9.138621653442383,44.4,26.366826013308263,53.48447110771157,1014.5055751406344,7.555871741812655,-0.0703732261016258,-0.0061872177443513,1.0130648976656245,0.008369227806290402,0.32843750412086475,-0.9234356636959661,18.061719924670683,-2.8017007000113647,39.33399040836416
2026-08-10T11:00:30.000,38.725916164995496,-9.13867370663744,44.42,26.27996793241157,53.88628773182202,1014.5122207408548,7.509260831953092,-0.0275632903754446,0.0475131551557328,1.009891133106457,-0.03532863583021814,0.30428032718987513,-0.9434935820327097,18.160070275395025,-2.8116171757688475,39.27473926537943
2026-08-10T11:01:00.000,38.72600868317557,-9.13861193931061,44.44,26.424374247531038,53.83243300951596,1014.5465047547052,7.675666667917904,-0.0561164270910699,0.0402445898607407,0.972883720577469,-0.06784360110929451,0.28251051033776287,-0.9624297404449811,18.265678329066166,-2.830363698299384,39.217283243241155
2026-08-10T11:01:30.000,38.72595027002724,-9.138639303279712,44.46,26.35647953332939,54.30688730167605,1014.4775454963828,7.41443227378113,-0.0344959566765999,0.0359871913797567,1.0015797743268002,-0.09143904513332682,0.26302685153372696,-0.9802216249231094,18.378344479978452,-2.8578883501639765,39.16168212450915
2026-08-10T11:02:00.000,38.72607668402394,-9.138753283348096,44.48,26.25826680587664,53.10791173719489,1014.5357442756896,7.576793881993591,-0.031449082340421,0.034268580133304,0.9963164850696956,-0.10920734080646896,0.24559517397366654,-0.9968480819337073,18.49785578218909,-2.8941149033885156,39.10799376173018
2026-08-10T11:02:30.000,38.72603649224353,-9.138677669950786,44.5,26.16514608750188,53.52053598770501,1014.3321591847728,7.430763067369837,-0.0122044119855242,0.0293603223318893,1.027634151867556,-0.12475705299878959,0.22986069362073325,-1.0122893435700127,18.62398635199904,-2.938943030572864,39.05627401724279
2026-08-10T11:03:00.000,38.72607175311123,-9.1387330955623,44.52,26.163064707859537,53.70256708496642,1014.4928847981356,7.553541455902635,0.0299806478303352,0.0051153983543769,0.9599690851112264,-0.14185318341102182,0.21536515403979917,-1.0265270510547986,18.756497794887093,-2.992248582741944,39.00657670505297
2026-08-10T11:03:30.000,38.72608284145844,-9.138828320271696,44.54,26.230674002708103,53.963164763877344,1014.4690789729324,7.693420519185454,0.0318476309885822,0.0413408053201994,1.0192531514497367,-0.16404343033954538,0.20156805961575297,-1.0395442765679117,18.895139656090134,-3.0538839331693333,38.958953534841086
2026-08-10T11:04:00.000,38.72615363226316,-9.138888882268136,44.56,26.204642302319996,53.82578274645961,1014.4995528716944,7.74861598387386,-0.0091917478660167,0.0144469935181228,0.9762585914725126,-0.19430470235918054,0.18787118072031592,-1.0513255433724813,19.03964989397804,-3.12367838622118,38.91345405815832
2026-08-10T11:04:30.000,38.72615183696762,-9.138905516852246,44.58,25.846153465722463,53.3229270298521,1014.430002351919,7.882915631577642,0.0640598453866908,0.0252445980716465,0.992728334193864,-0.2347422765944785,0.1736453785828912,-1.0618568442158747,19.189755375328442,-3.2014386500881504,38.8701256168687
2026-08-10T11:05:00.000,38.726142539800136,-9.139020372376216,44.6,26.02648308283297,53.36277224774818,1014.4913027001688,7.260423461659978,0.0327639043026376,0.028106179322688,1.0073241919556788,-0.28636919118805937,0.15825870835068398,-1.0711256579835198,19.34517239156528,-3.2869493720962124,38.829013293890206
2026-08-10T11:05:30.000,38.726250873597934,-9.139023354910986,44.62,26.143470364062917,53.5089340860896,1014.5477376083336,7.484537387795874,0.0279597745989674,0.0145581156042863,1.0073072748412752,-0.3489861453250401,0.14110470951444803,-1.0791209645857944,19.50560719498544,-3.3799737351137504,38.790159866286366
2026-08-10T11:06:00.000,38.72629064826902,-9.138996913675436,44.64,26.21578583080269,54.461273366395325,1014.4753922076782,7.583860229957491,0.0790024952831861,0.0413631852663242,0.97544000238355,-0.4211730154701682,0.12162978541952463,-1.0858332580602827,19.67075655395994,-3.4802541134032805,38.753605760757
2026-08-10T11:06:30.000,38.72624367334444,-9.138948305307151,44.66,25.797537099840145,53.34584834644662,1014.4556420827868,7.519118152796789,0.0467411645030696,-0.005624347621925,0.9865157507655098,-0.500392918503464,0.09935860826409268,-1.091254557873821,19.840308326060345,-3.587512786101425,38.71938901157457
2026-08-10T11:07:00.000,38.726284383146776,-9.139099350699937,44.68,26.268303047941856,54.206584488836754,1014.5638891449794,7.367001745031885,0.040767649850668,-0.0145558263943857,0.946965833301616,-0.5831994887268701,0.07391656147932693,-1.0953784184108961,20.013942048027097,-3.7014527063512195,38.68754522100982
2026-08-10T11:07:30.000,38.72628109953615,-9.13917885092191,44.7,25.557897997358417,53.511954528411344,1014.5971536618016,7.417517910425213,0.0554871780538743,-0.0055208136958403,1.0156511765143033,-0.6655286216036462,0.045048344796983865,-1.0981999366371122,20.191329541464764,-3.821758323956662,38.65810752228784
2026-08-10T11:08:00.000,38.72633495515024,-9.139095171738644,44.72,25.97351888169785,53.87419606396288,1014.5339274832376,7.4924760506725425,0.0182108449890499,-0.0358942484126655,0.9763174333620346,-0.7430482305126032,0.012632014292841692,-1.0997157579286199,20.37213553311936,-3.948096459281211,38.63110654511323
2026-08-10T11:08:30.000,38.72641432527709,-9.139138156300428,44.74,25.713728087887294,54.22976401733438,1014.5326128333248,7.48318956367252,0.0384129588521531,-0.0065056071259246,0.9799741713448692,-0.811534266082428,-0.023312095383165976,-1.0999240800605705,20.556018288565376,-4.080117225970051,38.60657038380009
2026-08-10T11:09:00.000,38.72652417931047,-9.139214264972145,44.76,25.95729258110188,54.305467252141945,1014.4516024505784,7.101772059537964,0.000300906252001,-0.0546356698517887,1.0193459847168556,-0.8672388435505136,-0.06261792322104967,-1.0988246553498608,20.742630258104832,-4.217454999940649,38.58452456804013
2026-08-10T11:09:30.000,38.726545839632855,-9.139260826495969,44.78,25.813382041494645,53.9648164482667,1014.431699440729,7.471123138624971,-0.0101427978150989,-0.0094891659924831,0.9903553504259416,-0.9072170312101716,-0.1049758552634841,-1.0964187909496117,20.931618733657537,-4.35972943195807,38.5649920363392
2026-08-10T11:10:00.000,38.72654996681662,-9.139249414095593,44.8,25.854558711883907,54.1609917626434,1014.475217023932,7.319207413183219,-0.0339499901974943,-0.0285730116338163,1.0130049801115673,-0.9295826079550401,-0.14994045042025733,-1.0927093472950384,21.122626515401016,-4.506546500990782,38.54799311214994
2026-08-10T11:10:30.000,38.72655967773474,-9.139210762877775,44.82,25.91929099422448,54.255160891121214,1014.5060295586642,7.224140780107587,-0.0315720970944383,-0.0488857820919619,1.032401406182721,-0.9336695580955876,-0.1969434369226794,-1.0877007347025582,21.315292586900114,-4.6574996054297255,38.53354548272539
2026-08-10T11:11:00.000,38.72657818490752,-9.1393318451288,44.84,25.847232015611283,53.4163763104461,1014.3118614064854,7.417775108355629,-0.0395439115888348,-0.0359278814586666,0.973472077933629,-0.9200846483901828,-0.24531149543992464,-1.0813989081261741,21.509252797450223,-4.812170689148573,38.52166418071555
2026-08-10T11:11:30.000,38.72658883831445,-9.13925409037167,44.86,25.7577329609766,54.64655979915932,1014.434470640114,7.219506160622689,-0.0784023746998172,-0.0340329064444528,1.0169096621696372,-0.8906463441061868,-0.29428816116213696,-1.0738113600773762,21.704140550344473,-4.970131399286653,38.512361568525975
2026-08-10T11:12:00.000,38.72654121903364,-9.139420632059757,44.88,25.42602221158599,54.140008499839865,1014.4702804502874,6.945903559578518,-0.0403748860967998,-0.0232917692638023,0.9949779482392618,-0.8482156647469995,-0.3430590189786889,-1.0649471117169744,21.899587495764,-5.130944272548085,38.50564732545485
2026-08-10T11:12:30.000,38.7265259645745,-9.139470634281066,44.9,25.749752576978764,53.29560264912653,1014.4344092041612,7.061019340552007,-0.037561724183508,-0.0400490104697119,1.0080790804147122,-0.7964344133307371,-0.39077923930741304,-1.0548167021294523,22.095224226981742,-5.294163946731752,38.5015284376217
2026-08-10T11:13:00.000,38.72670827302096,-9.139362194533946,44.92,25.49919937973676,54.935458589733656,1014.3394185778886,7.39562570887309,-0.0579934771138057,-0.0324634118005623,0.9995550441030158,-0.7393946397949079,-0.4366024120137746,-1.0434321757926004,22.290680978563838,-5.459338394136844,38.50000919069839
2026-08-10T11:13:30.000,38.72663185578273,-9.139475683751524,44.94,25.63924362894678,54.957643401076126,1014.3269265553804,7.177130099698936,-0.0295144943640278,-0.0453928476805538,0.9785046797236456,-0.6812694514148863,-0.47970958565300065,-1.0308070682573185,22.485588325248965,-5.626010173428146,38.50109116544996
2026-08-10T11:14:00.000,38.726783827180206,-9.139506641506047,44.96,25.52007381517032,55.80554974134871,1014.4871419861483,7.272621173332818,0.0084842762404249,-0.0129143741090741,0.98404234472763,-0.6259387913921416,-0.5193374108987096,-1.0169563900546212,22.679577880184805,-5.7937176964940615,38.504773236089775
2026-08-10T11:14:30.000,38.72679138981991,-9.13953111204134,44.98,25.34310838148801,54.42509748856469,1014.6298694645052,7.20080477972349,-0.0326925619377188,0.0119343588964135,0.9978170969687732,-0.5766442513767729,-0.5548043208111157,-1.001896608848975,22.87228299120179,-5.961996506788901,38.511051571451
2026-08-10T11:15:00.000,38.72678735592768,-9.139557738300718,45.0,25.191866139238137,55.1839528814388,1014.5933479007113,7.199154250169259,-0.015533121538575,-0.0014365212109202,0.9917932005330978,-0.535704324204656,-0.5855337552533318,-0.9856456298591849,23.06333943380822,-6.130380565619156,38.51991963897278
2026-08-10T11:15:30.000,38.7268173018661,-9.139637391466811,45.02,25.48633521653556,54.208209201084266,1014.5043073293292,7.049338355348232,0.0081975266053959,-0.0030060877657625,1.0265726213369888,-0.5043159819837518,-0.611073549426602,-0.9682227745701146,23.252386099596933,-6.298403542811423,38.53136821149744
2026-08-10T11:16:00.000,38.726922281748,-9.139603013531705,45.04,25.08463468833979,55.55736129435679,1014.4625785210046,6.842184200530373,0.014453968178907,0.0265413225740033,1.011121505476463,-0.482460585060785,-0.6311107528489386,-0.9496487577605452,23.439065678762333,-6.465600108187563,38.54538537687117
2026-08-10T11:16:30.000,38.72689886306834,-9.1396687500822,45.06,25.49558064580189,55.824598367998256,1014.195476291686,7.011667996632654,0.0237024444985006,0.0011262748196549,1.0018836611646462,-0.4689226074589484,-0.6454813195400922,-0.9299456628744874,23.623025335437884,-6.631507220270458,38.56195655033859
2026-08-10T11:17:00.000,38.72698243788862,-9.139769769359152,45.08,25.28743407114647,54.82322487140296,1014.3655469212237,7.256832663271445,0.0277603623369048,0.0395827282794621,0.9625756376787804,-0.461419371695978,-0.654174306016228,-0.9091369157652295,23.803917374577555,-6.795665408651301,38.581064489718095
2026-08-10T11:17:30.000,38.72704311587807,-9.139717232509398,45.1,25.17179032629038,55.639220284407706,1014.3007830108054,7.188179708326571,0.0385334685968024,0.0335286515864547,0.9901668877006904,-0.4568298584806011,-0.6573304234372975,-0.8872472568433377,23.98139989912081,-6.957620046467044,38.602689313342154
2026-08-10T11:18:00.000,38.72695096742986,-9.139744334854711,45.12,25.19951157988992,55.7483672115942,1014.4069440543462,7.06299896887411,0.0419070381553288,0.0725171096544336,0.96864139167139,-0.45150161759080115,-0.6552350058534258,-0.8643027116617212,24.15513745619904,-7.116922609463905,38.62680852074408
2026-08-10T11:18:30.000,38.72707304686618,-9.139742139699091,45.14,24.995043433284906,56.6088920152098,1014.4811772240396,7.106557034849349,0.0504104247519454,0.0367365346430391,0.9958118234592078,-0.4416076790364485,-0.6483056697035883,-0.8403305599727391,24.324801671162074,-7.273131918160024,38.65339701606957
2026-08-10T11:19:00.000,38.72705952652981,-9.139771690338502,45.16,25.11160018780641,55.11099149150986,1014.4611948004252,7.073580217340586,0.0585021657114656,0.0505067340683728,0.9945814373968438,-0.42352079794066577,-0.6370751423623192,-0.8153593032941334,24.49007186822645,-7.425815359667238,38.6824271341888
2026-08-10T11:19:30.000,38.72702355054164,-9.139916106384726,45.18,24.800426183035366,55.758321599323565,1014.3820806128894,6.843591136513267,1.3343324765199838e-05,0.018376078107854,1.0224168130280633,-0.39417077854847105,-0.6221699218449049,-0.789418631022355,24.65063567657231,-7.5745500857881085,38.71386866948173
2026-08-10T11:20:00.000,38.7270667687,-9.1398853313887,45.2,24.798305064162736,56.43298960800056,1014.370564442069,6.926943414455343,0.0721423549021927,0.0561155359291014,0.9938686875742588,-0.3513521571497071,-0.6042855887077347,-0.7625393851335676,24.80618962074345,-7.7189241840702,38.74768890726684
2026-08-10T11:20:30.000,38.72710033899075,-9.139950004538774,45.22,25.044387256049323,55.73544945913491,1014.3436125639644,7.077035171043525,0.026134165610243,0.06281555096924,1.0018148512750435,-0.2939540407076573,-0.5841597186304514,-0.7347535235143043,24.95643969423455,-7.858537818574442,38.783852657840555
2026-08-10T11:21:00.000,38.72724926591971,-9.139945914693806,45.24,25.073186570626536,55.50079507307199,1014.2998931708248,6.899113337991301,0.0315358574794007,0.0227492448713931,0.974272133298326,-0.22209098603400212,-0.5625434352588509,-0.7060940819653639,25.10110191518153,-7.993004337198255,38.8223222930918
2026-08-10T11:21:30.000,38.72712198708169,-9.140064863082364,45.26,24.62429740441117,55.99347592055167,1014.450976707514,6.801029714047401,-0.0293772127492118,0.0122248060959151,0.996744020067348,-0.13712281756704,-0.5401726941340967,-0.6765951349241347,25.239902863104703,-8.12195134248677,38.8630577856538
2026-08-10T11:22:00.000,38.72732479993751,-9.14009574629708,45.28,24.791408580487357,56.86786478394353,1014.3895693465312,6.860115274216569,-0.0062123668848772,0.0123747420352906,1.015552190605571,-0.041561398874875144,-0.517740397973769,-0.6462917549520365,25.372580195690276,-8.245021722966653,38.90601675055227
2026-08-10T11:22:30.000,38.72720952568405,-9.140008012643936,45.3,24.604513565198875,56.25587902615411,1014.3602879985984,6.655448665524038,-0.0202384351577182,-0.0098691721789056,0.9785659734627652,0.061127327995857454,-0.49587041084477035,-0.6152199710352501,25.498883144633428,-8.361874642146198,38.95115448930663
2026-08-10T11:23:00.000,38.72726231926292,-9.140135769875048,45.32,24.819234804294357,55.59393896117007,1014.3951854672804,6.542649730750789,-0.0391224313824885,-0.0178356077759207,1.0265029345774968,0.16680817877233456,-0.4750944651343475,-0.5834167257483118,25.618572989605795,-8.472186482442822,38.998424036438465
2026-08-10T11:23:30.000,38.72732651449728,-9.14011942655278,45.34,24.80588474457484,55.19318080750806,1014.3268373564748,6.991188958489077,-0.0374683605024169,-0.015045810982945,1.010962567592844,0.27102266595152325,-0.45583284350830655,-0.5509198313315083,25.731423509451563,-8.575651741423748,39.04777620833874
2026-08-10T11:24:00.000,38.72738478026216,-9.140236583206017,45.36,24.438913112949912,56.43020489476355,1014.2649820516916,6.8597738411231415,-0.05055369324406,-0.0520399801637505,0.97463972166312,0.36936469889257817,-0.4383795725293176,-0.5177679247342794,25.83722140975933,-8.671983877877787,39.09915965444297
2026-08-10T11:24:30.000,38.72723251619902,-9.140175872983894,45.38,24.62312649753926,56.19157541292693,1014.400191295644,6.813880993484725,-0.0519051795059772,-0.061082119495322,1.0123456316098451,0.4578519895528717,-0.4228926908726738,-0.48400042167809765,25.935766726001646,-8.760916105375095,39.15252091066111
2026-08-10T11:25:00.000,38.727427768011424,-9.140175727232757,45.4,24.758678067478023,55.9005836149302,1014.4661161576588,6.461053399797556,-0.0385659812479668,-0.0592530264075844,0.981394706254599,0.5332594969047709,-0.4093899597829951,-0.4496574697934285,26.02687320148024,-8.842202131117187,39.207804455006546
2026-08-10T11:25:30.000,38.727505818432334,-9.140230831827564,45.42,24.69747964032621,56.68108763264691,1014.288381109568,6.7801481306446245,-0.0507125878112323,-0.0641817863515588,0.983935198160966,0.5933846984703459,-0.3977501740504511,-0.414779900886493,26.110368639362623,-8.915616838030967,39.26495276536628
2026-08-10T11:26:00.000,38.72748755958643,-9.140224148196832,45.44,24.29644402367558,56.280450219484486,1014.241430720102,6.4910985940258,-0.0622274409604531,-0.0489303459556912,0.9854277902948094,0.637220684864973,-0.3877200163754553,-0.3794091823925837,26.186095228144676,-8.980956908217795,39.32390637935227
2026-08-10T11:26:30.000,38.72752857666298,-9.14022913828638,45.46,24.469632290303128,56.526990163015725,1014.2901830461378,6.393533668344767,-0.0506314638108601,-0.0540672311760747,0.9873037367205708,0.6650214671118404,-0.3789261847944794,-0.3435873680736589,26.253909839924074,-9.038041386030969,39.38460395617162
2026-08-10T11:27:00.000,38.72746182631001,-9.140286683281436,45.48,24.56096511645384,56.01020420353097,1014.2718514813567,6.452889993145445,-0.0180681455161393,-0.0390238931724611,0.9709280144013672,0.6782537019058695,-0.37089232002971856,-0.30735704801881847,26.313684300920816,-9.08671217922219,39.446982340451164
2026-08-10T11:27:30.000,38.727486880535054,-9.140318015755811,45.5,24.565844839767117,55.77773524443076,1014.28818423362,6.633950751338769,-0.0138060670466309,-0.0278946507632636,0.985938618382044,0.6794393825606434,-0.36306007497675463,-0.27076129800712695,26.365305633733534,-9.126834496769161,39.51097662795021
2026-08-10T11:28:00.000,38.72757403169003,-9.140424729856086,45.52,24.01992538819649,57.437597169158224,1014.1722457307476,6.356579210756367,-0.0199115375437822,-0.0531740160446178,0.9965232459981076,0.6719039706275308,-0.3548135091359602,-0.23384362829297373,26.408676270873716,-9.158297222171727,39.576520233092886
2026-08-10T11:28:30.000,38.72757352114029,-9.140348467497464,45.54,24.39954928271328,57.20831158635717,1014.2604883822758,6.630755646297894,-0.0027880661198529,-0.0274485612063941,1.0226537964103917,0.6594530505445616,-0.3455058627365542,-0.19664793187486773,26.443714239174266,-9.18101322118277,39.64354495824993
2026-08-10T11:29:00.000,38.727703226990464,-9.140461609024374,45.56,24.24496248426231,57.80888427555482,1014.2722389247724,6.392350283471949,0.0214789954761115,-0.0259201834939795,1.0057643812618065,0.646007092847871,-0.33448767350685155,-0.15921843230917554,26.470353314723802,-9.194919583121603,39.71198106469786
2026-08-10T11:29:30.000,38.72765738129375,-9.14041526606085,45.58,24.26382170639939,56.872966637836754,1014.2641940393772,6.768963668480858,0.0080694131441843,-0.0080377711968026,0.984796198227622,0.6352277179078871,-0.3211351470302017,-0.1215996311308355,26.488543148033926,-9.199977795101557,39.78175734518149
2026-08-10T11:30:00.000,38.72772887012887,-9.140432875869296,45.6,24.326608187227222,57.88215324795505,1014.2268888453758,6.470204078709115,0.0073807078198757,0.0187382368836441,1.0075012430378467,0.6301696150331484,-0.30487768138886273,-0.0838362549435809,26.498249359202852,-9.196173848689257,39.85280119800466
2026-08-10T11:30:30.000,38.72778389216778,-9.140517703571998,45.62,24.04810765442925,57.4499626598644,1014.1998455472346,6.3112363487174825,0.0639886141397216,-0.0236133805003759,1.0194763814343462,0.6329899216667414,-0.2852234787315938,-0.045973202242564654,26.499453602895514,-9.183518278700186,39.92503870257168
2026-08-10T11:31:00.000,38.72776041409549,-9.140487833728402,45.64,23.9125572047797,57.71128445342344,1013.997636935923,6.334233032028798,0.0275479560884936,0.0115360492444659,0.9976166232534416,0.6447416185148336,-0.2617822492829821,-0.008055490032615378,26.492153603017393,-9.162046134023107,39.99839469630119
2026-08-10T11:31:30.000,38.72784847690736,-9.140506930715414,45.66,23.989726303795337,57.28937544085222,1014.281998366026,6.285441917288082,0.0432493736000438,0.014628802676703,0.968656458188291,0.6652698271833424,-0.23428412435180967,0.029871799694408285,26.476363157016475,-9.13181688055414,40.07279285283224
2026-08-10T11:32:00.000,38.72783942371004,-9.14060575048438,45.68,24.167373417598995,57.690031285971,1014.3603729197956,6.007833620428132,0.0435494860168309,0.0518665331229071,1.0238277928058284,0.6932205062107034,-0.20259403983802915,0.06776357355952457,26.452112109805217,-9.092914236509312,40.1481557614413
2026-08-10T11:32:30.000,38.72781518939742,-9.14052572173154,45.7,24.015807945250707,57.84984608843401,1014.1026199028562,6.127153222424997,0.0143707842270428,0.0326434138558349,1.0090004134684367,0.7261607850955695,-0.16672102502957534,0.10557478041008382,26.419446297351833,-9.045445940571659,40.22440500758758
2026-08-10T11:33:00.000,38.727868629029366,-9.140636222251848,45.72,24.124852073499603,57.97435920682995,1014.0893809259092,6.06600693836695,0.0066997881789367,0.0197391689160038,0.9892437730728572,0.7607999887325521,-0.12682202648122193,0.14326046488300928,26.378427460047504,-8.989543453515022,40.301461254502684
2026-08-10T11:33:30.000,38.72797142104061,-9.140605374521696,45.74,24.033841624440285,57.6062248690826,1014.1560976955526,6.054289477187141,0.0313578118810939,0.0302017731512352,0.9685494349999512,0.7932912149953829,-0.08320010600555805,0.1807758208541544,26.329133126013243,-8.92536159413082,40.37924432574001
2026-08-10T11:34:00.000,38.72787090254843,-9.140617294058371,45.76,23.711873704362823,58.16380987607325,1014.0876539054397,6.398955372081028,-0.0198870627897957,0.0428581953032685,0.9774409395298866,0.8195859735540465,-0.036297067262945,0.21807624471022263,26.27165646456699,-8.853078110466138,40.45767328859769
2026-08-10T11:34:30.000,38.72794532993298,-9.140600292684956,45.78,23.512048713446266,58.16044929522975,1014.2656569074106,5.9418857694796525,-0.0023916916658779,0.0551704296012279,0.99672092999946,0.8358095446701673,0.013319221143650375,0.25511738837991443,26.206106110127887,-8.772893187560491,40.53666653832847
2026-08-10T11:35:00.000,38.72797095199057,-9.140737168368638,45.8,23.918836029274136,58.0687727241114,1014.0207758334284,5.995907461065932,-0.0271204728088022,0.0302765537951589,1.012125823122174,0.8386228146713407,0.06497233496042068,0.29185521206124454,26.132605956890536,-8.685028893044649,40.61614188304884
2026-08-10T11:35:30.000,38.72796308087944,-9.14058638017912,45.82,23.57509139740117,57.8772920963752,1014.2438515652376,6.112924731297153,-0.027835802128296,0.0209783031957584,0.9894145538660022,0.825537563469581,0.11789897965364315,0.3282460365823543,26.051294924657373,-8.589728562136813,40.69601662925908
2026-08-10T11:36:00.000,38.72806366376573,-9.140651573094877,45.84,23.733407024573484,58.276454460095806,1014.0609521259402,5.694323224790296,-0.0461603941985958,0.0442901495817539,0.9726333140489776,0.7951564078895166,0.17127403545466968,0.3642465953335459,25.962326696271738,-8.48725612373944,40.776207667885195
2026-08-10T11:36:30.000,38.72808052222442,-9.140708471923505,45.86,23.72628247688743,58.18070096986708,1014.1842426912466,5.953308840093259,-0.064814333910291,0.0349049804131959,0.9845069628747588,0.7473154574666434,0.22423801681319883,0.3998140857088082,25.865869427147814,-8.377895369502994,40.85663156075335
2026-08-10T11:37:00.000,38.72809115018143,-9.140665152973568,45.88,23.598621336677077,58.90448814269135,1013.991904137722,5.751091410833483,-0.0589009853333764,0.0096275952002739,1.0219838311109564,0.6831165923591994,0.27592590830815306,0.4349062199956683,25.76210542744662,-8.26194916788094,40.937204627406565
2026-08-10T11:37:30.000,38.72818143981468,-9.140608024554206,45.9,23.975607202091528,58.02561715668437,1014.0471788027636,5.634033970235193,-0.0615876178133587,0.0012144796405624,0.9788569025172346,0.6048463194188359,0.3254962861088708,0.4694812756528648,25.651230817498583,-8.139738625352626,41.017843032173694
2026-08-10T11:38:00.000,38.72812740563635,-9.140712725667596,45.92,23.41631572090376,59.04480432279831,1013.9556738297816,6.198356506097289,-0.0544583994024395,0.0038743143010408,0.9740931763106792,0.5157884868594056,0.37215962288132015,0.5034981449160599,25.53345515712407,-8.011602197136941,41.098462871399754
2026-08-10T11:38:30.000,38.7282953045879,-9.140660832060227,45.94,23.607021677812607,58.03293148208397,1014.033366758922,5.575098104354164,-0.0205514214005779,0.0069489130846701,1.0019087807697546,0.4199477995879647,0.415204705024551,0.5369163836726265,25.40900104955249,-7.877894749859646,41.17898026074708
2026-08-10T11:39:00.000,38.72811818121684,-9.140776573909768,45.96,23.629619194491305,59.39517031657782,1014.0925387109938,5.470844823911088,-0.0301209631094912,0.0022675321585413,0.966833288688355,0.3217091957476226,0.4540221631151032,0.5696962595473823,25.278103720688488,-7.738986578770232,41.25931142247633
2026-08-10T11:39:30.000,38.72826960477423,-9.140723602146068,45.98,23.44563288875729,57.94482417108778,1013.9649154017231,5.626835353140026,-0.0268688196128818,-0.028676574211639,0.9911397569351706,0.22546398061528505,0.48812422667368616,0.6017987991421127,25.141010574520557,-7.595262382230063,41.3393727726166
2026-08-10T11:40:00.000,38.72829801468588,-9.140724352945146,46.0,23.409709741762573,58.74801535019343,1013.9854021103956,5.354036532533219,-0.0059632157767995,-0.0266859689229348,1.0007938705319512,0.1352366349738432,0.5171599586259166,0.6331858343727129,24.997980725512335,-7.447120196311907,41.419081007933926
2026-08-10T11:40:30.000,38.72837803671538,-9.140852583581726,46.02,23.124270176895543,59.17141178102876,1013.9643654126596,5.633909566666931,-0.007705998072746,-0.0221016883533862,1.0186527768598224,0.054346146195039,0.540925397580202,0.6638200478488591,24.849284508860293,-7.294970292461471,41.49835319260766
2026-08-10T11:41:00.000,38.72838419911469,-9.140775732897266,46.04,23.06952025124212,59.50051064917747,1014.0494745086016,5.671250238475325,-0.0015759483277383,-0.0260711387265843,1.0172105941592289,-0.014867442152677296,0.5593682306722653,0.693665017242248,24.6952029695437,-7.1392340412736806,41.577106844524586
2026-08-10T11:41:30.000,38.72846794081239,-9.140813523352628,46.06,23.31740223590867,59.57060129454627,1013.9430130179996,5.373133139337505,0.0295083186353227,-0.0301668864172801,1.00175925792662,-0.07122651500926688,0.5725868287702411,0.722685258590668,24.536027331132292,-6.9803427455305584,41.655260021100915
2026-08-10T11:42:00.000,38.72843097924636,-9.14078895377684,46.08,23.539188729950094,58.827359418277815,1013.8780031715876,5.508536269055698,0.0466957692076821,-0.0624274650054731,0.9737940650046912,-0.11479286044730286,0.5808236912874302,0.7508462684863979,24.372058445355858,-6.818736445732444,41.73273140454296
2026-08-10T11:42:30.000,38.72834811357461,-9.140779955477816,46.1,23.116168398892963,59.16581578630318,1013.9643544300944,5.376811565922192,0.0451194933679816,-0.0439836397172288,1.0134422863019288,-0.146831299186778,0.5844535614566907,0.7781145650987868,24.20360622347603,-6.654862701430589,41.809440386457666
2026-08-10T11:43:00.000,38.72850375640336,-9.140821027061817,46.12,23.22548589108163,59.95997063262693,1013.9292585051128,5.22965957762533,0.0570337265538267,-0.05371495003377,1.0282502613992202,-0.1696634651307113,0.5839666764971337,0.8044577279822375,24.03098905053492,-6.489175351736172,41.88530715172504
2026-08-10T11:43:30.000,38.72856120494199,-9.140776042231655,46.14,23.24165091592988,59.41319143552844,1013.938305424183,5.349762462445967,0.053347562760665,-0.0208261492876355,0.9887638691294882,-0.1864252445439907,0.5799478028507532,0.8298444366222593,23.854533183587904,-6.322133258438442,41.960252761545185
2026-08-10T11:44:00.000,38.728509190363,-9.140853624870813,46.16,23.02610118098224,58.68269696192137,1013.9285380864892,5.642914065771739,0.0707113137540788,-0.0534041142769654,1.014497093431124,-0.2007501610003931,0.5730518674677588,0.8542445076737737,23.674572135057687,-6.154199035212792,42.03419923557356
2026-08-10T11:44:30.000,38.72864110531749,-9.14081937948584,46.18,23.169129754523528,58.671691574769525,1013.8775142422504,5.178271017042321,0.0487760835206549,-0.0463819222900747,1.010857164489552,-0.21640774068617585,0.563977125814771,0.8776289308473827,23.491446042375394,-5.985837766438237,42.1070696330589
2026-08-10T11:45:00.000,38.72865122563377,-9.140837591368731,46.2,22.95195977503788,58.67590461717311,1013.8207833054672,5.216832366910997,0.016119970163985,-0.0092041312548514,0.991000592362707,-0.23692999320310043,0.5534369009018076,0.8999699034009452,23.305501025099932,-5.817515719172409,42.17878813289949
2026-08-10T11:45:30.000,38.72857621320206,-9.140827314448618,46.22,23.252234725376105,60.13317546095225,1013.8175150164,5.363250063123647,0.0131265003093481,-0.0079115491396437,1.002946446609729,-0.265260223000238,0.5421309815869888,0.9212408631954477,23.117088530730754,-5.649699051851174,42.24928011253451
2026-08-10T11:46:00.000,38.728636508174574,-9.14077822585849,46.24,22.943980502728134,60.16389939787011,1013.8577884053994,4.7991775273869095,0.0376508430617434,-0.0461745112775019,0.9876790194888776,-0.303456347584575,0.5307177806567548,0.9414165202758693,22.926564670450542,-5.482852523289091,42.31847222558817
2026-08-10T11:46:30.000,38.72874126740172,-9.14081553534885,46.26,22.81109977426943,59.438872305571465,1013.8814188857845,4.914955335152824,0.0247563664671641,0.0066688632277328,0.9761520933911512,-0.35247592654487503,0.5197883232279624,0.9604728869394906,22.73428954605317,-5.317438205556021,42.386292478186114
2026-08-10T11:47:00.000,38.72869084424638,-9.14084946391914,46.28,23.1314291997932,60.42815495185045,1013.6472666236106,5.109141953829484,-0.0175873455230295,0.034554644016699,0.9729980176374716,-0.4120626532947359,0.509843065027215,0.9783873062559029,22.54062656932921,-5.153914204294567,42.45267030386451
2026-08-10T11:47:30.000,38.72883021145523,-9.140798459108291,46.3,22.798168366500448,59.79893141735994,1013.7061117215668,4.945065948701173,-0.0153897528265022,0.0037857988004473,0.9563926758252362,-0.4807448084240237,0.5012724307957598,0.9951384790048022,22.34594177519537,-4.99273339002224,42.5175366369939
2026-08-10T11:48:00.000,38.728761016176456,-9.140884389723077,46.32,22.831102463517063,59.75805077217258,1013.685896558542,5.403067202553325,-0.0270932789350372,0.0320524101439592,0.964472034073154,-0.5559459628825486,0.49434181963727736,1.010706488999544,22.150603129865978,-4.834342143932078,42.580823984641476
2026-08-10T11:48:30.000,38.72877730184332,-9.14078019645435,46.34,22.762229713321037,60.741052747843135,1013.6446439225,5.026725826176707,-0.0461203839319962,0.0358728719199864,0.9871901985628916,-0.634197981418574,0.48918165207067005,1.025072826766351,21.954979835374285,-4.679179121665051,42.64246649679697
2026-08-10T11:49:00.000,38.72882645531865,-9.140798746516,46.36,22.77825699518383,60.6033521009464,1013.7451120162071,5.023248512712191,-0.0508556669188125,0.0490605654994159,0.9952833151237164,-0.7114370447479201,0.4857828394673276,1.0382204115510185,21.75944163175792,-4.527674038477952,42.702400034889116
2026-08-10T11:49:30.000,38.72885466513561,-9.140776949674338,46.38,23.115942010415807,59.76375513926789,1013.7727286016848,4.719534480626028,-0.0454483752886363,0.0629634359940622,1.009773370489346,-0.7833558332850488,0.483997847883271,1.050133611626955,21.564358098227533,-4.380246479171172,42.760562238521324
2026-08-10T11:50:00.000,38.72890853125392,-9.140804718901007,46.4,22.83969159039584,60.38035383524005,1013.6332811610336,4.927115872873705,-0.0470120412585344,0.028485476317948,0.9838743635863064,-0.8457798863311745,0.48354731304102433,1.0607982628804116,21.370097954639423,-4.237304736072238,42.816892590357206
2026-08-10T11:50:30.000,38.72886198782812,-9.140750943225203,46.42,22.890963888622345,60.693971262716175,1013.7583146446344,4.95098972110308,-0.0422798838911125,0.0436134085953366,0.998169199611636,-0.8950339358360013,0.48403194962636836,1.0702016856508028,21.177028364592307,-4.099244678293157,42.871332479088444
2026-08-10T11:51:00.000,38.728933458908585,-9.14065282876184,46.44,22.71606257954298,60.31624184898225,1013.7006883355868,4.942933158379122,-0.0644098519271928,0.0534011025136542,0.9981161084929834,-0.928264915123851,0.4849492943298302,1.0783326998060987,20.98551424146562,-3.966448655393216,42.92382526041937
2026-08-10T11:51:30.000,38.728934453445234,-9.140696431398752,46.46,22.852963694411937,60.0872135060182,1013.7929359149445,4.971460810823669,-0.0359743055965647,0.0564617234115544,1.0031859556765927,-0.943692278244705,0.4857146359925984,1.085181638035362,20.795917558710837,-3.8392844384833897,42.97431631600497
2026-08-10T11:52:00.000,38.72901859584624,-9.14078050090325,46.48,22.822222540912986,61.0273343882284,1013.636659006394,4.72177794633237,-0.0241286022918544,0.0263089765189959,0.973330513625316,-0.9407628763428248,0.48568532494531824,1.0907403573426289,20.60859666569937,-3.7181042017049504,43.02275311028084
2026-08-10T11:52:30.000,38.728976409382426,-9.140710128743054,46.5,22.32107781729412,60.96051185719235,1013.5818932144792,5.004303728924571,-0.0221143837228834,0.0309051427664876,0.9920617231752442,-0.9201963212934274,0.48418752333919035,1.095002248728464,20.423905610420313,-3.6032435469030033,43.06908524512603
2026-08-10T11:53:00.000,38.72908568740767,-9.140691734814949,46.52,22.61898506594796,61.42406390831695,1013.52523364683,4.820210270712537,0.0114071680980634,0.0237326459790547,1.0383288975347085,-0.8839167325892303,0.48054436395785793,1.0979622450476851,20.242193470307953,-3.4950205741960785,43.11326451230198
2026-08-10T11:53:30.000,38.72907182803413,-9.140787018892642,46.54,22.51682438594068,61.32317492204796,1013.6290896914812,4.7594858022271485,-0.006845614062706,0.0176028555280706,0.9755059044469891,-0.8348771029996674,0.474104430282718,1.0996168270339073,20.063803692464017,-3.3937350010157363,43.155244943612736
2026-08-10T11:54:00.000,38.72919794747912,-9.14056397404907,46.56,22.69915482568815,61.35084352254246,1013.5342926345336,4.440920160586257,0.0127674473169379,-0.0182690015783629,0.9710599084716997,-0.7767922897496522,0.4642694575629758,1.0999640274837503,19.88907344452157,-3.299667332056025,43.19498285873459
2026-08-10T11:54:30.000,38.729256117997096,-9.140681292674314,46.58,22.67996626723159,60.97026430510019,1013.5442988955446,4.825626014733805,0.0317767464728709,-0.0018158098062493,0.9960799140430996,-0.713804950534374,0.45052018381648196,1.0990034335957306,19.718332977377447,-3.2130780824315135,43.23243691066507
2026-08-10T11:55:00.000,38.72918289235546,-9.14075268250965,46.6,22.30579722165548,61.05861259705106,1013.546999526732,4.456709016263944,0.0401923630999022,-0.0164808293505336,0.9568798398788124,-0.6501148401873561,0.4324393499424018,1.0967361874610586,19.551905000997834,-3.1342070561953466,43.26756812874426
2026-08-10T11:55:30.000,38.72918424376702,-9.140648692000468,46.62,22.640592110099465,60.67628822712595,1013.5394533328742,4.7718759823326655,0.0582821446114295,-0.0255381206855234,0.9906404737335142,-0.5896052087788091,0.40973095677186994,1.0931649847057578,19.39010407447657,-3.0632726822154166,43.30033995920338
2026-08-10T11:56:00.000,38.72922853277578,-9.140631706550977,46.64,22.59250647216825,61.63065620101236,1013.521574033028,4.710424499250953,0.0510625203985923,-0.0181990760962788,1.0174164554073328,-0.5355002924293056,0.38223502975641266,1.08829407128572,19.233236011499166,-3.000471409247907,43.33071830319879
2026-08-10T11:56:30.000,38.729249773668485,-9.140730877931,46.66,22.776112613418142,61.506190998886,1013.3580632985952,4.449847936344871,0.0611527283495663,-0.0388303465864784,0.9897587716136176,-0.49008504143265885,0.34993731362261293,1.082129238438505,19.08159730233618,-2.9459771618835235,43.35867155229156
2026-08-10T11:57:00.000,38.72939004409301,-9.1406775463409,46.68,22.40685988932809,61.544524033444006,1013.5106104791926,4.600906479902434,0.0600918568068031,-0.0349415061986245,1.009787678778768,-0.4545125458800096,0.31297351312964555,1.0746778157978922,18.935474553458363,-2.8999408588731237,43.38417062133579
2026-08-10T11:57:30.000,38.72933703953703,-9.140606103939415,46.7,22.52535957929487,61.60639381755436,1013.5252855319958,4.579491461168076,0.0410488382714765,-0.0518303085401527,1.001353425161254,-0.42871661494269314,0.2716279046281905,1.065948662679363,18.795143945832876,-2.862489995166733,43.40718897874151
2026-08-10T11:58:00.000,38.72937859911075,-9.140582990135483,46.72,22.823512895490147,61.29600043527737,1013.4813325630996,4.626491079559703,0.0333069290684476,-0.0048165238892688,0.9924392141653704,-0.411437371759966,0.22632635844350424,1.055952157546884,18.66087071292426,-2.8337282888234583,43.427702674080585
2026-08-10T11:58:30.000,38.72942620446111,-9.140615361542594,46.74,22.42377364308947,61.74040757563089,1013.4992821816376,4.484332831585275,0.0401954759612864,-0.0399094050274429,0.99335662940322,-0.40035741584972523,0.17762402594154958,1.0447001856735028,18.532908639386932,-2.8137353937701604,43.445690363006975
2026-08-10T11:59:00.000,38.72957519925536,-9.140537851602012,46.76,22.353217281820445,61.325858130493415,1013.3401556950053,4.547452565310766,0.0039900716241459,-0.0336409403971677,0.9987298265112348,-0.39233601870250906,0.1261881492911806,1.0322061250104426,18.411499581396615,-2.802566679204385,43.46113332946534
2026-08-10T11:59:30.000,38.7295065746204,-9.140581421924816,46.78,22.285114816051195,61.84116780500717,1013.4476053800704,4.427604265241937,-0.0151270086792181,-0.0210382358307643,0.9851227814580872,-0.38371987492282156,0.07277663858474293,1.01848483028148,18.29687300952728,-2.80025307625249,43.47401550516499
